acct_0000,dev_0109
acct_0000,dev_0122
acct_0001,dev_0109
acct_0001,dev_0122
acct_0002,dev_0109
acct_0002,dev_0122
acct_0003,dev_0109
acct_0003,dev_0122
acct_0004,dev_0109
acct_0004,dev_0122
acct_0005,dev_0109
acct_0005,dev_0122
acct_0006,dev_0109
acct_0006,dev_0122
acct_0007,dev_0109
acct_0007,dev_0122
acct_0008,dev_0406
acct_0008,dev_0536
acct_0008,dev_0783
acct_0009,dev_0406
acct_0009,dev_0536
acct_0009,dev_0783
acct_0010,dev_0406
acct_0010,dev_0536
acct_0010,dev_0783
acct_0011,dev_0406
acct_0011,dev_0536
acct_0011,dev_0783
acct_0012,dev_0406
acct_0012,dev_0536
acct_0012,dev_0783
acct_0013,dev_0406
acct_0013,dev_0536
acct_0013,dev_0783
acct_0014,dev_0406
acct_0014,dev_0536
acct_0014,dev_0783
acct_0015,dev_0406
acct_0015,dev_0536
acct_0015,dev_0783
acct_0016,dev_0406
acct_0016,dev_0536
acct_0016,dev_0783
acct_0017,dev_0406
acct_0017,dev_0536
acct_0017,dev_0783
acct_0018,dev_0735
acct_0019,dev_0735
acct_0020,dev_0735
acct_0021,dev_0735
acct_0022,dev_0735
acct_0023,dev_0735
acct_0024,dev_0596
acct_0024,dev_0255
acct_0024,dev_0238
acct_0025,dev_0751
acct_0025,dev_0079
acct_0026,dev_0609
acct_0027,dev_0789
acct_0028,dev_0788
acct_0029,dev_0536
acct_0029,dev_0042
acct_0029,dev_0326
acct_0030,dev_0156
acct_0030,dev_0051
acct_0031,dev_0296
acct_0031,dev_0403
acct_0031,dev_0151
acct_0031,dev_0135
acct_0032,dev_0561
acct_0033,dev_0780
acct_0033,dev_0138
acct_0034,dev_0574
acct_0034,dev_0630
acct_0035,dev_0331
acct_0035,dev_0701
acct_0035,dev_0589
acct_0035,dev_0091
acct_0036,dev_0356
acct_0036,dev_0195
acct_0036,dev_0328
acct_0037,dev_0638
acct_0037,dev_0149
acct_0037,dev_0451
acct_0037,dev_0045
acct_0038,dev_0115
acct_0039,dev_0294
acct_0039,dev_0014
acct_0040,dev_0339
acct_0041,dev_0561
acct_0041,dev_0494
acct_0041,dev_0637
acct_0042,dev_0261
acct_0043,dev_0054
acct_0043,dev_0476
acct_0043,dev_0670
acct_0044,dev_0678
acct_0044,dev_0675
acct_0044,dev_0368
acct_0045,dev_0236
acct_0045,dev_0389
acct_0045,dev_0520
acct_0045,dev_0726
acct_0046,dev_0190
acct_0047,dev_0040
acct_0048,dev_0402
acct_0048,dev_0762
acct_0048,dev_0160
acct_0048,dev_0018
acct_0049,dev_0063
acct_0049,dev_0640
acct_0049,dev_0263
acct_0050,dev_0402
acct_0050,dev_0672
acct_0050,dev_0140
acct_0051,dev_0427
acct_0051,dev_0246
acct_0052,dev_0459
acct_0052,dev_0555
acct_0052,dev_0134
acct_0053,dev_0141
acct_0053,dev_0316
acct_0054,dev_0325
acct_0054,dev_0069
acct_0055,dev_0744
acct_0055,dev_0030
acct_0056,dev_0155
acct_0056,dev_0797
acct_0056,dev_0192
acct_0057,dev_0780
acct_0058,dev_0367
acct_0059,dev_0729
acct_0059,dev_0665
acct_0059,dev_0382
acct_0059,dev_0188
acct_0060,dev_0033
acct_0060,dev_0418
acct_0061,dev_0227
acct_0061,dev_0760
acct_0061,dev_0687
acct_0061,dev_0207
acct_0062,dev_0631
acct_0062,dev_0501
acct_0062,dev_0704
acct_0062,dev_0332
acct_0063,dev_0737
acct_0063,dev_0320
acct_0063,dev_0403
acct_0063,dev_0626
acct_0064,dev_0467
acct_0064,dev_0043
acct_0064,dev_0251
acct_0064,dev_0531
acct_0065,dev_0194
acct_0066,dev_0472
acct_0066,dev_0170
acct_0066,dev_0432
acct_0067,dev_0092
acct_0067,dev_0739
acct_0067,dev_0512
acct_0067,dev_0115
acct_0068,dev_0423
acct_0068,dev_0331
acct_0068,dev_0461
acct_0068,dev_0025
acct_0069,dev_0092
acct_0069,dev_0256
acct_0069,dev_0331
acct_0069,dev_0708
acct_0070,dev_0649
acct_0070,dev_0371
acct_0070,dev_0087
acct_0070,dev_0536
acct_0071,dev_0786
acct_0072,dev_0166
acct_0072,dev_0148
acct_0073,dev_0747
acct_0073,dev_0787
acct_0073,dev_0456
acct_0074,dev_0003
acct_0074,dev_0637
acct_0075,dev_0556
acct_0075,dev_0005
acct_0075,dev_0622
acct_0075,dev_0505
acct_0076,dev_0452
acct_0076,dev_0081
acct_0076,dev_0615
acct_0076,dev_0614
acct_0077,dev_0634
acct_0077,dev_0643
acct_0077,dev_0570
acct_0078,dev_0668
acct_0079,dev_0339
acct_0079,dev_0089
acct_0079,dev_0050
acct_0080,dev_0688
acct_0080,dev_0291
acct_0081,dev_0095
acct_0082,dev_0776
acct_0083,dev_0711
acct_0084,dev_0712
acct_0084,dev_0214
acct_0085,dev_0495
acct_0086,dev_0132
acct_0086,dev_0629
acct_0086,dev_0576
acct_0087,dev_0725
acct_0087,dev_0297
acct_0088,dev_0640
acct_0088,dev_0120
acct_0088,dev_0755
acct_0088,dev_0212
acct_0089,dev_0011
acct_0089,dev_0655
acct_0090,dev_0315
acct_0091,dev_0116
acct_0092,dev_0179
acct_0093,dev_0485
acct_0093,dev_0036
acct_0093,dev_0661
acct_0093,dev_0139
acct_0094,dev_0760
acct_0094,dev_0057
acct_0094,dev_0533
acct_0094,dev_0306
acct_0095,dev_0362
acct_0095,dev_0067
acct_0095,dev_0152
acct_0096,dev_0584
acct_0096,dev_0620
acct_0097,dev_0278
acct_0098,dev_0221
acct_0098,dev_0537
acct_0098,dev_0309
acct_0099,dev_0796
acct_0100,dev_0494
acct_0101,dev_0750
acct_0101,dev_0536
acct_0101,dev_0317
acct_0101,dev_0794
acct_0102,dev_0210
acct_0102,dev_0741
acct_0103,dev_0004
acct_0104,dev_0105
acct_0105,dev_0328
acct_0105,dev_0205
acct_0106,dev_0791
acct_0106,dev_0451
acct_0106,dev_0687
acct_0107,dev_0280
acct_0107,dev_0117
acct_0108,dev_0211
acct_0109,dev_0587
acct_0109,dev_0250
acct_0109,dev_0175
acct_0110,dev_0553
acct_0110,dev_0454
acct_0110,dev_0051
acct_0111,dev_0108
acct_0112,dev_0631
acct_0112,dev_0364
acct_0112,dev_0319
acct_0112,dev_0340
acct_0113,dev_0581
acct_0113,dev_0134
acct_0113,dev_0095
acct_0113,dev_0715
acct_0114,dev_0229
acct_0114,dev_0147
acct_0115,dev_0332
acct_0115,dev_0464
acct_0115,dev_0499
acct_0116,dev_0359
acct_0117,dev_0520
acct_0117,dev_0105
acct_0118,dev_0545
acct_0118,dev_0472
acct_0118,dev_0410
acct_0119,dev_0393
acct_0119,dev_0067
acct_0119,dev_0348
acct_0119,dev_0213
acct_0120,dev_0177
acct_0120,dev_0678
acct_0121,dev_0117
acct_0121,dev_0606
acct_0121,dev_0610
acct_0121,dev_0474
acct_0122,dev_0415
acct_0122,dev_0071
acct_0122,dev_0612
acct_0123,dev_0660
acct_0123,dev_0676
acct_0123,dev_0062
acct_0123,dev_0092
acct_0124,dev_0775
acct_0125,dev_0399
acct_0125,dev_0630
acct_0125,dev_0591
acct_0126,dev_0445
acct_0126,dev_0735
acct_0126,dev_0352
acct_0127,dev_0130
acct_0127,dev_0301
acct_0127,dev_0063
acct_0127,dev_0378
acct_0128,dev_0112
acct_0128,dev_0288
acct_0128,dev_0031
acct_0129,dev_0728
acct_0129,dev_0391
acct_0129,dev_0415
acct_0130,dev_0192
acct_0130,dev_0568
acct_0131,dev_0137
acct_0131,dev_0011
acct_0132,dev_0673
acct_0132,dev_0447
acct_0132,dev_0139
acct_0132,dev_0086
acct_0133,dev_0638
acct_0133,dev_0184
acct_0133,dev_0465
acct_0133,dev_0521
acct_0134,dev_0434
acct_0134,dev_0619
acct_0135,dev_0729
acct_0135,dev_0513
acct_0136,dev_0038
acct_0137,dev_0145
acct_0138,dev_0251
acct_0139,dev_0351
acct_0140,dev_0587
acct_0140,dev_0751
acct_0140,dev_0339
acct_0140,dev_0431
acct_0141,dev_0744
acct_0141,dev_0577
acct_0141,dev_0266
acct_0142,dev_0586
acct_0142,dev_0052
acct_0143,dev_0517
acct_0143,dev_0078
acct_0144,dev_0014
acct_0144,dev_0759
acct_0144,dev_0114
acct_0145,dev_0267
acct_0145,dev_0717
acct_0146,dev_0351
acct_0147,dev_0507
acct_0147,dev_0770
acct_0148,dev_0055
acct_0148,dev_0657
acct_0148,dev_0270
acct_0149,dev_0408
acct_0149,dev_0487
acct_0149,dev_0308
acct_0149,dev_0764
acct_0150,dev_0148
acct_0150,dev_0543
acct_0150,dev_0445
acct_0151,dev_0391
acct_0151,dev_0694
acct_0151,dev_0323
acct_0151,dev_0542
acct_0152,dev_0442
acct_0152,dev_0625
acct_0152,dev_0667
acct_0153,dev_0261
acct_0154,dev_0320
acct_0154,dev_0560
acct_0155,dev_0012
acct_0156,dev_0742
acct_0156,dev_0290
acct_0157,dev_0058
acct_0158,dev_0384
acct_0158,dev_0672
acct_0159,dev_0478
acct_0159,dev_0676
acct_0159,dev_0077
acct_0160,dev_0283
acct_0161,dev_0061
acct_0161,dev_0264
acct_0161,dev_0271
acct_0162,dev_0624
acct_0162,dev_0402
acct_0163,dev_0223
acct_0163,dev_0628
acct_0163,dev_0658
acct_0163,dev_0108
acct_0164,dev_0795
acct_0164,dev_0456
acct_0164,dev_0019
acct_0165,dev_0716
acct_0165,dev_0337
acct_0166,dev_0413
acct_0166,dev_0745
acct_0166,dev_0799
acct_0166,dev_0071
acct_0167,dev_0124
acct_0167,dev_0580
acct_0167,dev_0548
acct_0167,dev_0367
acct_0168,dev_0374
acct_0169,dev_0180
acct_0169,dev_0567
acct_0170,dev_0306
acct_0170,dev_0712
acct_0171,dev_0752
acct_0171,dev_0194
acct_0171,dev_0143
acct_0171,dev_0036
acct_0172,dev_0064
acct_0172,dev_0553
acct_0172,dev_0658
acct_0172,dev_0315
acct_0173,dev_0345
acct_0174,dev_0669
acct_0174,dev_0683
acct_0175,dev_0037
acct_0176,dev_0248
acct_0177,dev_0314
acct_0178,dev_0605
acct_0178,dev_0065
acct_0179,dev_0064
acct_0179,dev_0207
acct_0180,dev_0329
acct_0180,dev_0218
acct_0181,dev_0123
acct_0182,dev_0566
acct_0182,dev_0168
acct_0182,dev_0449
acct_0183,dev_0647
acct_0184,dev_0183
acct_0185,dev_0708
acct_0185,dev_0129
acct_0185,dev_0211
acct_0185,dev_0146
acct_0186,dev_0625
acct_0186,dev_0708
acct_0187,dev_0626
acct_0187,dev_0090
acct_0187,dev_0642
acct_0187,dev_0308
acct_0188,dev_0120
acct_0188,dev_0542
acct_0189,dev_0475
acct_0189,dev_0788
acct_0190,dev_0152
acct_0191,dev_0291
acct_0191,dev_0214
acct_0191,dev_0445
acct_0192,dev_0550
acct_0193,dev_0072
acct_0194,dev_0203
acct_0194,dev_0765
acct_0194,dev_0693
acct_0194,dev_0333
acct_0195,dev_0242
acct_0196,dev_0055
acct_0196,dev_0446
acct_0196,dev_0148
acct_0196,dev_0221
acct_0197,dev_0647
acct_0197,dev_0367
acct_0198,dev_0287
acct_0199,dev_0175
acct_0199,dev_0778
acct_0199,dev_0351
acct_0199,dev_0225
acct_0200,dev_0088
acct_0200,dev_0421
acct_0201,dev_0753
acct_0201,dev_0252
acct_0201,dev_0253
acct_0201,dev_0335
acct_0202,dev_0427
acct_0203,dev_0435
acct_0204,dev_0571
acct_0205,dev_0135
acct_0205,dev_0367
acct_0206,dev_0165
acct_0206,dev_0720
acct_0206,dev_0470
acct_0207,dev_0720
acct_0207,dev_0415
acct_0208,dev_0642
acct_0209,dev_0543
acct_0209,dev_0033
acct_0209,dev_0303
acct_0210,dev_0635
acct_0211,dev_0113
acct_0212,dev_0574
acct_0213,dev_0664
acct_0214,dev_0515
acct_0214,dev_0696
acct_0214,dev_0433
acct_0215,dev_0497
acct_0215,dev_0513
acct_0215,dev_0539
acct_0215,dev_0125
acct_0216,dev_0689
acct_0216,dev_0709
acct_0216,dev_0067
acct_0217,dev_0183
acct_0217,dev_0295
acct_0217,dev_0078
acct_0217,dev_0111
acct_0218,dev_0508
acct_0218,dev_0154
acct_0219,dev_0698
acct_0219,dev_0554
acct_0219,dev_0135
acct_0219,dev_0485
acct_0220,dev_0064
acct_0220,dev_0022
acct_0221,dev_0671
acct_0221,dev_0661
acct_0221,dev_0334
acct_0222,dev_0313
acct_0222,dev_0175
acct_0223,dev_0788
acct_0223,dev_0048
acct_0223,dev_0151
acct_0224,dev_0728
acct_0224,dev_0548
acct_0225,dev_0119
acct_0225,dev_0042
acct_0226,dev_0188
acct_0226,dev_0210
acct_0226,dev_0575
acct_0227,dev_0381
acct_0227,dev_0459
acct_0228,dev_0414
acct_0229,dev_0662
acct_0229,dev_0722
acct_0229,dev_0302
acct_0230,dev_0346
acct_0230,dev_0705
acct_0230,dev_0115
acct_0230,dev_0749
acct_0231,dev_0411
acct_0232,dev_0056
acct_0232,dev_0622
acct_0232,dev_0656
acct_0233,dev_0200
acct_0233,dev_0023
acct_0233,dev_0085
acct_0234,dev_0617
acct_0234,dev_0619
acct_0234,dev_0523
acct_0235,dev_0733
acct_0235,dev_0437
acct_0236,dev_0359
acct_0236,dev_0315
acct_0236,dev_0456
acct_0237,dev_0759
acct_0237,dev_0425
acct_0237,dev_0453
acct_0237,dev_0295
acct_0238,dev_0147
acct_0239,dev_0067
acct_0239,dev_0604
acct_0239,dev_0774
acct_0240,dev_0569
acct_0240,dev_0473
acct_0241,dev_0296
acct_0241,dev_0567
acct_0241,dev_0502
acct_0241,dev_0043
acct_0242,dev_0229
acct_0242,dev_0027
acct_0242,dev_0002
acct_0242,dev_0157
acct_0243,dev_0427
acct_0243,dev_0183
acct_0243,dev_0503
acct_0244,dev_0504
acct_0244,dev_0068
acct_0244,dev_0613
acct_0245,dev_0643
acct_0245,dev_0702
acct_0245,dev_0487
acct_0246,dev_0265
acct_0247,dev_0472
acct_0247,dev_0709
acct_0247,dev_0138
acct_0248,dev_0651
acct_0248,dev_0364
acct_0248,dev_0049
acct_0248,dev_0296
acct_0249,dev_0783
acct_0249,dev_0096
acct_0250,dev_0701
acct_0250,dev_0308
acct_0250,dev_0277
acct_0251,dev_0013
acct_0251,dev_0140
acct_0252,dev_0104
acct_0252,dev_0223
acct_0253,dev_0572
acct_0253,dev_0628
acct_0254,dev_0119
acct_0255,dev_0707
acct_0255,dev_0371
acct_0255,dev_0142
acct_0256,dev_0227
acct_0257,dev_0214
acct_0257,dev_0133
acct_0258,dev_0079
acct_0259,dev_0043
acct_0259,dev_0201
acct_0259,dev_0110
acct_0259,dev_0033
acct_0260,dev_0044
acct_0260,dev_0067
acct_0260,dev_0308
acct_0261,dev_0616
acct_0262,dev_0029
acct_0262,dev_0092
acct_0262,dev_0149
acct_0263,dev_0517
acct_0263,dev_0583
acct_0264,dev_0541
acct_0265,dev_0742
acct_0266,dev_0375
acct_0266,dev_0714
acct_0266,dev_0603
acct_0266,dev_0189
acct_0267,dev_0526
acct_0267,dev_0233
acct_0268,dev_0507
acct_0268,dev_0780
acct_0269,dev_0505
acct_0269,dev_0118
acct_0269,dev_0394
acct_0270,dev_0297
acct_0270,dev_0438
acct_0270,dev_0193
acct_0270,dev_0071
acct_0271,dev_0405
acct_0272,dev_0711
acct_0272,dev_0604
acct_0272,dev_0104
acct_0272,dev_0759
acct_0273,dev_0346
acct_0273,dev_0205
acct_0274,dev_0774
acct_0274,dev_0659
acct_0274,dev_0409
acct_0275,dev_0150
acct_0275,dev_0786
acct_0275,dev_0465
acct_0276,dev_0509
acct_0276,dev_0236
acct_0276,dev_0643
acct_0276,dev_0137
acct_0277,dev_0069
acct_0278,dev_0636
acct_0278,dev_0638
acct_0278,dev_0098
acct_0279,dev_0477
acct_0279,dev_0206
acct_0279,dev_0300
acct_0279,dev_0677
acct_0280,dev_0782
acct_0281,dev_0392
acct_0282,dev_0181
acct_0283,dev_0732
acct_0283,dev_0398
acct_0283,dev_0499
acct_0284,dev_0675
acct_0284,dev_0567
acct_0284,dev_0701
acct_0284,dev_0552
acct_0285,dev_0269
acct_0285,dev_0506
acct_0285,dev_0605
acct_0285,dev_0386
acct_0286,dev_0131
acct_0287,dev_0389
acct_0287,dev_0099
acct_0287,dev_0438
acct_0288,dev_0253
acct_0288,dev_0240
acct_0289,dev_0173
acct_0289,dev_0020
acct_0289,dev_0551
acct_0290,dev_0273
acct_0290,dev_0020
acct_0290,dev_0712
acct_0290,dev_0480
acct_0291,dev_0330
acct_0291,dev_0586
acct_0291,dev_0100
acct_0291,dev_0500
acct_0292,dev_0514
acct_0292,dev_0783
acct_0292,dev_0683
acct_0292,dev_0347
acct_0293,dev_0206
acct_0293,dev_0508
acct_0293,dev_0650
acct_0293,dev_0077
acct_0294,dev_0587
acct_0294,dev_0411
acct_0294,dev_0231
acct_0295,dev_0279
acct_0295,dev_0068
acct_0295,dev_0580
acct_0296,dev_0516
acct_0296,dev_0307
acct_0296,dev_0443
acct_0297,dev_0687
acct_0297,dev_0781
acct_0297,dev_0560
acct_0297,dev_0184
acct_0298,dev_0590
acct_0298,dev_0511
acct_0299,dev_0579
acct_0299,dev_0744
acct_0299,dev_0641
acct_0299,dev_0061
acct_0300,dev_0154
acct_0300,dev_0764
acct_0301,dev_0649
acct_0302,dev_0661
acct_0302,dev_0164
acct_0302,dev_0262
acct_0303,dev_0196
acct_0303,dev_0028
acct_0304,dev_0432
acct_0304,dev_0662
acct_0304,dev_0037
acct_0304,dev_0206
acct_0305,dev_0284
acct_0305,dev_0674
acct_0305,dev_0563
acct_0306,dev_0056
acct_0307,dev_0065
acct_0307,dev_0416
acct_0307,dev_0372
acct_0308,dev_0241
acct_0308,dev_0114
acct_0309,dev_0508
acct_0309,dev_0092
acct_0309,dev_0243
acct_0310,dev_0766
acct_0310,dev_0761
acct_0310,dev_0241
acct_0310,dev_0433
acct_0311,dev_0281
acct_0311,dev_0450
acct_0312,dev_0324
acct_0313,dev_0732
acct_0313,dev_0376
acct_0313,dev_0315
acct_0313,dev_0021
acct_0314,dev_0259
acct_0314,dev_0565
acct_0315,dev_0453
acct_0315,dev_0397
acct_0316,dev_0308
acct_0316,dev_0092
acct_0316,dev_0774
acct_0317,dev_0449
acct_0317,dev_0646
acct_0318,dev_0798
acct_0319,dev_0164
acct_0320,dev_0464
acct_0320,dev_0711
acct_0320,dev_0028
acct_0321,dev_0656
acct_0321,dev_0139
acct_0321,dev_0003
acct_0321,dev_0410
acct_0322,dev_0113
acct_0323,dev_0608
acct_0323,dev_0702
acct_0324,dev_0703
acct_0324,dev_0607
acct_0325,dev_0186
acct_0325,dev_0402
acct_0325,dev_0386
acct_0326,dev_0091
acct_0326,dev_0473
acct_0327,dev_0632
acct_0327,dev_0439
acct_0327,dev_0614
acct_0327,dev_0266
acct_0328,dev_0014
acct_0329,dev_0195
acct_0329,dev_0272
acct_0330,dev_0614
acct_0330,dev_0220
acct_0331,dev_0029
acct_0331,dev_0297
acct_0332,dev_0087
acct_0332,dev_0010
acct_0332,dev_0480
acct_0332,dev_0136
acct_0333,dev_0753
acct_0333,dev_0611
acct_0333,dev_0262
acct_0333,dev_0074
acct_0334,dev_0340
acct_0335,dev_0005
acct_0336,dev_0135
acct_0336,dev_0572
acct_0336,dev_0042
acct_0337,dev_0347
acct_0337,dev_0479
acct_0337,dev_0135
acct_0337,dev_0091
acct_0338,dev_0320
acct_0339,dev_0765
acct_0339,dev_0369
acct_0339,dev_0440
acct_0340,dev_0168
acct_0340,dev_0323
acct_0340,dev_0754
acct_0340,dev_0503
acct_0341,dev_0152
acct_0341,dev_0055
acct_0342,dev_0167
acct_0342,dev_0722
acct_0342,dev_0478
acct_0343,dev_0468
acct_0343,dev_0504
acct_0343,dev_0115
acct_0343,dev_0737
acct_0344,dev_0290
acct_0344,dev_0184
acct_0345,dev_0597
acct_0345,dev_0004
acct_0346,dev_0693
acct_0346,dev_0096
acct_0346,dev_0336
acct_0346,dev_0026
acct_0347,dev_0331
acct_0348,dev_0464
acct_0348,dev_0643
acct_0348,dev_0275
acct_0348,dev_0608
acct_0349,dev_0671
acct_0350,dev_0659
acct_0351,dev_0094
acct_0351,dev_0408
acct_0351,dev_0261
acct_0351,dev_0182
acct_0352,dev_0166
acct_0352,dev_0397
acct_0353,dev_0753
acct_0353,dev_0317
acct_0353,dev_0701
acct_0353,dev_0617
acct_0354,dev_0524
acct_0354,dev_0204
acct_0354,dev_0501
acct_0355,dev_0092
acct_0355,dev_0774
acct_0355,dev_0432
acct_0355,dev_0377
acct_0356,dev_0525
acct_0357,dev_0539
acct_0357,dev_0644
acct_0357,dev_0662
acct_0357,dev_0537
acct_0358,dev_0081
acct_0358,dev_0489
acct_0358,dev_0307
acct_0358,dev_0152
acct_0359,dev_0302
acct_0359,dev_0582
acct_0359,dev_0048
acct_0359,dev_0564
acct_0360,dev_0522
acct_0361,dev_0363
acct_0361,dev_0260
acct_0361,dev_0599
acct_0362,dev_0758
acct_0363,dev_0721
acct_0363,dev_0304
acct_0363,dev_0321
acct_0363,dev_0601
acct_0364,dev_0080
acct_0364,dev_0764
acct_0365,dev_0404
acct_0366,dev_0471
acct_0366,dev_0708
acct_0366,dev_0414
acct_0366,dev_0673
acct_0367,dev_0138
acct_0367,dev_0014
acct_0368,dev_0027
acct_0368,dev_0214
acct_0369,dev_0308
acct_0370,dev_0156
acct_0370,dev_0756
acct_0371,dev_0206
acct_0371,dev_0301
acct_0372,dev_0425
acct_0372,dev_0507
acct_0372,dev_0754
acct_0372,dev_0592
acct_0373,dev_0237
acct_0373,dev_0731
acct_0373,dev_0062
acct_0373,dev_0540
acct_0374,dev_0566
acct_0374,dev_0065
acct_0374,dev_0274
acct_0375,dev_0021
acct_0375,dev_0165
acct_0375,dev_0294
acct_0375,dev_0743
acct_0376,dev_0519
acct_0376,dev_0224
acct_0377,dev_0426
acct_0377,dev_0689
acct_0377,dev_0668
acct_0377,dev_0752
acct_0378,dev_0683
acct_0379,dev_0103
acct_0379,dev_0425
acct_0379,dev_0505
acct_0379,dev_0310
acct_0380,dev_0367
acct_0381,dev_0065
acct_0382,dev_0498
acct_0382,dev_0264
acct_0383,dev_0706
acct_0383,dev_0527
acct_0384,dev_0468
acct_0384,dev_0773
acct_0384,dev_0113
acct_0384,dev_0108
acct_0385,dev_0171
acct_0386,dev_0160
acct_0386,dev_0745
acct_0386,dev_0299
acct_0387,dev_0342
acct_0387,dev_0141
acct_0387,dev_0125
acct_0388,dev_0251
acct_0389,dev_0381
acct_0389,dev_0732
acct_0389,dev_0772
acct_0390,dev_0141
acct_0390,dev_0439
acct_0391,dev_0453
acct_0392,dev_0086
acct_0393,dev_0402
acct_0394,dev_0646
acct_0395,dev_0738
acct_0395,dev_0760
acct_0395,dev_0321
acct_0396,dev_0717
acct_0396,dev_0413
acct_0397,dev_0794
acct_0397,dev_0202
acct_0397,dev_0308
acct_0397,dev_0086
acct_0398,dev_0742
acct_0398,dev_0736
acct_0398,dev_0757
acct_0398,dev_0129
acct_0399,dev_0533
acct_0399,dev_0348
acct_0399,dev_0775
acct_0400,dev_0247
acct_0400,dev_0792
acct_0400,dev_0311
acct_0401,dev_0126
acct_0401,dev_0048
acct_0401,dev_0774
acct_0402,dev_0464
acct_0403,dev_0358
acct_0403,dev_0306
acct_0404,dev_0107
acct_0404,dev_0335
acct_0405,dev_0728
acct_0405,dev_0435
acct_0406,dev_0487
acct_0406,dev_0219
acct_0407,dev_0270
acct_0407,dev_0598
acct_0407,dev_0510
acct_0407,dev_0651
acct_0408,dev_0496
acct_0408,dev_0728
acct_0409,dev_0466
acct_0409,dev_0484
acct_0410,dev_0121
acct_0410,dev_0616
acct_0410,dev_0418
acct_0411,dev_0041
acct_0411,dev_0535
acct_0411,dev_0156
acct_0412,dev_0310
acct_0412,dev_0301
acct_0412,dev_0497
acct_0413,dev_0049
acct_0413,dev_0312
acct_0413,dev_0290
acct_0413,dev_0220
acct_0414,dev_0069
acct_0414,dev_0045
acct_0414,dev_0427
acct_0415,dev_0386
acct_0415,dev_0486
acct_0415,dev_0737
acct_0416,dev_0779
acct_0416,dev_0460
acct_0416,dev_0683
acct_0416,dev_0459
acct_0417,dev_0396
acct_0417,dev_0238
acct_0417,dev_0404
acct_0417,dev_0347
acct_0418,dev_0661
acct_0418,dev_0090
acct_0418,dev_0169
acct_0419,dev_0574
acct_0419,dev_0660
acct_0419,dev_0126
acct_0420,dev_0583
acct_0421,dev_0123
acct_0422,dev_0251
acct_0422,dev_0722
acct_0423,dev_0503
acct_0424,dev_0424
acct_0424,dev_0024
acct_0425,dev_0554
acct_0426,dev_0786
acct_0426,dev_0091
acct_0426,dev_0157
acct_0427,dev_0185
acct_0427,dev_0027
acct_0427,dev_0730
acct_0428,dev_0327
acct_0429,dev_0123
acct_0429,dev_0053
acct_0429,dev_0207
acct_0429,dev_0245
acct_0430,dev_0117
acct_0430,dev_0275
acct_0430,dev_0062
acct_0430,dev_0325
acct_0431,dev_0648
acct_0431,dev_0239
acct_0431,dev_0019
acct_0431,dev_0275
acct_0432,dev_0311
acct_0432,dev_0581
acct_0433,dev_0382
acct_0433,dev_0553
acct_0434,dev_0568
acct_0434,dev_0462
acct_0434,dev_0042
acct_0434,dev_0001
acct_0435,dev_0279
acct_0435,dev_0612
acct_0435,dev_0256
acct_0435,dev_0696
acct_0436,dev_0165
acct_0437,dev_0715
acct_0437,dev_0125
acct_0437,dev_0143
acct_0437,dev_0742
acct_0438,dev_0698
acct_0438,dev_0350
acct_0438,dev_0650
acct_0439,dev_0349
acct_0439,dev_0215
acct_0439,dev_0470
acct_0440,dev_0004
acct_0440,dev_0009
acct_0440,dev_0688
acct_0440,dev_0177
acct_0441,dev_0551
acct_0442,dev_0361
acct_0443,dev_0379
acct_0443,dev_0197
acct_0443,dev_0455
acct_0443,dev_0009
acct_0444,dev_0196
acct_0444,dev_0092
acct_0444,dev_0628
acct_0445,dev_0037
acct_0445,dev_0287
acct_0445,dev_0504
acct_0446,dev_0113
acct_0446,dev_0284
acct_0446,dev_0582
acct_0446,dev_0512
acct_0447,dev_0066
acct_0447,dev_0602
acct_0448,dev_0535
acct_0448,dev_0746
acct_0449,dev_0697
acct_0449,dev_0573
acct_0449,dev_0464
acct_0450,dev_0330
acct_0451,dev_0370
acct_0451,dev_0529
acct_0451,dev_0777
acct_0451,dev_0044
acct_0452,dev_0545
acct_0452,dev_0459
acct_0452,dev_0323
acct_0452,dev_0005
acct_0453,dev_0755
acct_0454,dev_0201
acct_0454,dev_0168
acct_0455,dev_0442
acct_0455,dev_0024
acct_0455,dev_0606
acct_0455,dev_0641
acct_0456,dev_0348
acct_0456,dev_0055
acct_0457,dev_0782
acct_0457,dev_0097
acct_0457,dev_0640
acct_0457,dev_0457
acct_0458,dev_0034
acct_0459,dev_0056
acct_0459,dev_0308
acct_0459,dev_0625
acct_0459,dev_0641
acct_0460,dev_0390
acct_0460,dev_0411
acct_0460,dev_0098
acct_0461,dev_0635
acct_0461,dev_0634
acct_0461,dev_0103
acct_0461,dev_0347
acct_0462,dev_0601
acct_0462,dev_0197
acct_0462,dev_0110
acct_0463,dev_0607
acct_0464,dev_0363
acct_0464,dev_0431
acct_0464,dev_0492
acct_0465,dev_0319
acct_0465,dev_0598
acct_0466,dev_0150
acct_0466,dev_0480
acct_0467,dev_0530
acct_0468,dev_0432
acct_0469,dev_0349
acct_0470,dev_0592
acct_0470,dev_0579
acct_0470,dev_0343
acct_0471,dev_0043
acct_0471,dev_0507
acct_0471,dev_0224
acct_0471,dev_0003
acct_0472,dev_0244
acct_0472,dev_0492
acct_0473,dev_0371
acct_0474,dev_0568
acct_0475,dev_0199
acct_0475,dev_0646
acct_0475,dev_0599
acct_0475,dev_0783
acct_0476,dev_0178
acct_0476,dev_0224
acct_0476,dev_0268
acct_0477,dev_0200
acct_0477,dev_0022
acct_0478,dev_0388
acct_0478,dev_0670
acct_0479,dev_0312
acct_0479,dev_0467
acct_0480,dev_0539
acct_0480,dev_0638
acct_0481,dev_0196
acct_0481,dev_0545
acct_0482,dev_0781
acct_0483,dev_0335
acct_0483,dev_0253
acct_0484,dev_0520
acct_0484,dev_0598
acct_0485,dev_0769
acct_0485,dev_0660
acct_0485,dev_0521
acct_0485,dev_0383
acct_0486,dev_0538
acct_0486,dev_0711
acct_0486,dev_0494
acct_0487,dev_0212
acct_0488,dev_0405
acct_0488,dev_0223
acct_0489,dev_0260
acct_0489,dev_0563
acct_0489,dev_0086
acct_0490,dev_0235
acct_0490,dev_0597
acct_0490,dev_0042
acct_0491,dev_0418
acct_0491,dev_0376
acct_0491,dev_0509
acct_0491,dev_0324
acct_0492,dev_0271
acct_0492,dev_0660
acct_0493,dev_0301
acct_0494,dev_0100
acct_0494,dev_0121
acct_0495,dev_0341
acct_0495,dev_0201
acct_0496,dev_0770
acct_0496,dev_0733
acct_0497,dev_0413
acct_0497,dev_0415
acct_0497,dev_0593
acct_0498,dev_0407
acct_0498,dev_0233
acct_0499,dev_0739
acct_0499,dev_0472
acct_0499,dev_0348
acct_0499,dev_0087
acct_0500,dev_0460
acct_0500,dev_0571
acct_0500,dev_0030
acct_0500,dev_0383
acct_0501,dev_0511
acct_0502,dev_0781
acct_0502,dev_0797
acct_0502,dev_0707
acct_0502,dev_0550
acct_0503,dev_0142
acct_0504,dev_0390
acct_0504,dev_0209
acct_0504,dev_0400
acct_0504,dev_0065
acct_0505,dev_0654
acct_0505,dev_0311
acct_0505,dev_0095
acct_0505,dev_0175
acct_0506,dev_0705
acct_0507,dev_0290
acct_0507,dev_0210
acct_0507,dev_0238
acct_0507,dev_0298
acct_0508,dev_0530
acct_0508,dev_0011
acct_0508,dev_0175
acct_0509,dev_0549
acct_0509,dev_0428
acct_0510,dev_0317
acct_0510,dev_0442
acct_0511,dev_0282
acct_0511,dev_0206
acct_0511,dev_0007
acct_0511,dev_0146
acct_0512,dev_0471
acct_0512,dev_0473
acct_0512,dev_0589
acct_0512,dev_0040
acct_0513,dev_0355
acct_0513,dev_0717
acct_0513,dev_0728
acct_0513,dev_0304
acct_0514,dev_0468
acct_0514,dev_0393
acct_0514,dev_0674
acct_0514,dev_0187
acct_0515,dev_0245
acct_0516,dev_0714
acct_0517,dev_0377
acct_0518,dev_0419
acct_0518,dev_0461
acct_0518,dev_0168
acct_0519,dev_0074
acct_0520,dev_0010
acct_0521,dev_0496
acct_0521,dev_0472
acct_0521,dev_0069
acct_0521,dev_0084
acct_0522,dev_0165
acct_0522,dev_0174
acct_0522,dev_0018
acct_0523,dev_0547
acct_0524,dev_0366
acct_0524,dev_0182
acct_0524,dev_0221
acct_0524,dev_0731
acct_0525,dev_0713
acct_0525,dev_0048
acct_0525,dev_0650
acct_0525,dev_0535
acct_0526,dev_0454
acct_0526,dev_0053
acct_0526,dev_0612
acct_0527,dev_0785
acct_0527,dev_0206
acct_0527,dev_0255
acct_0527,dev_0383
acct_0528,dev_0028
acct_0528,dev_0014
acct_0528,dev_0345
acct_0528,dev_0196
acct_0529,dev_0680
acct_0530,dev_0334
acct_0531,dev_0438
acct_0531,dev_0123
acct_0531,dev_0237
acct_0531,dev_0218
acct_0532,dev_0015
acct_0532,dev_0411
acct_0533,dev_0067
acct_0533,dev_0673
acct_0534,dev_0420
acct_0534,dev_0308
acct_0535,dev_0614
acct_0536,dev_0682
acct_0536,dev_0493
acct_0536,dev_0069
acct_0537,dev_0515
acct_0537,dev_0601
acct_0538,dev_0316
acct_0539,dev_0061
acct_0540,dev_0155
acct_0540,dev_0384
acct_0541,dev_0756
acct_0541,dev_0336
acct_0541,dev_0137
acct_0541,dev_0284
acct_0542,dev_0768
acct_0542,dev_0024
acct_0542,dev_0234
acct_0543,dev_0680
acct_0544,dev_0187
acct_0544,dev_0452
acct_0544,dev_0644
acct_0545,dev_0071
acct_0545,dev_0197
acct_0545,dev_0053
acct_0545,dev_0649
acct_0546,dev_0606
acct_0546,dev_0562
acct_0547,dev_0742
acct_0547,dev_0478
acct_0547,dev_0318
acct_0547,dev_0168
acct_0548,dev_0310
acct_0548,dev_0292
acct_0549,dev_0407
acct_0549,dev_0386
acct_0549,dev_0171
acct_0550,dev_0493
acct_0550,dev_0020
acct_0551,dev_0263
acct_0551,dev_0389
acct_0552,dev_0073
acct_0552,dev_0341
acct_0552,dev_0139
acct_0552,dev_0732
acct_0553,dev_0503
acct_0553,dev_0414
acct_0553,dev_0425
acct_0554,dev_0418
acct_0555,dev_0198
acct_0555,dev_0781
acct_0556,dev_0713
acct_0556,dev_0059
acct_0556,dev_0666
acct_0557,dev_0646
acct_0557,dev_0723
acct_0557,dev_0692
acct_0558,dev_0697
acct_0558,dev_0150
acct_0558,dev_0260
acct_0558,dev_0253
acct_0559,dev_0659
acct_0560,dev_0169
acct_0560,dev_0437
acct_0560,dev_0258
acct_0560,dev_0708
acct_0561,dev_0751
acct_0561,dev_0421
acct_0561,dev_0770
acct_0562,dev_0146
acct_0562,dev_0275
acct_0562,dev_0766
acct_0563,dev_0503
acct_0563,dev_0001
acct_0564,dev_0537
acct_0564,dev_0426
acct_0564,dev_0670
acct_0564,dev_0295
acct_0565,dev_0202
acct_0565,dev_0498
acct_0566,dev_0190
acct_0566,dev_0205
acct_0567,dev_0265
acct_0567,dev_0418
acct_0568,dev_0127
acct_0568,dev_0283
acct_0568,dev_0065
acct_0568,dev_0350
acct_0569,dev_0496
acct_0569,dev_0688
acct_0569,dev_0778
acct_0569,dev_0103
acct_0570,dev_0681
acct_0571,dev_0384
acct_0572,dev_0344
acct_0572,dev_0379
acct_0572,dev_0698
acct_0572,dev_0351
acct_0573,dev_0364
acct_0574,dev_0742
acct_0574,dev_0142
acct_0574,dev_0026
acct_0574,dev_0616
acct_0575,dev_0377
acct_0575,dev_0462
acct_0576,dev_0017
acct_0576,dev_0648
acct_0576,dev_0368
acct_0577,dev_0239
acct_0577,dev_0621
acct_0577,dev_0496
acct_0577,dev_0409
acct_0578,dev_0674
acct_0578,dev_0716
acct_0578,dev_0102
acct_0578,dev_0751
acct_0579,dev_0130
acct_0580,dev_0118
acct_0580,dev_0493
acct_0580,dev_0678
acct_0580,dev_0553
acct_0581,dev_0108
acct_0582,dev_0225
acct_0582,dev_0736
acct_0582,dev_0263
acct_0583,dev_0229
acct_0583,dev_0589
acct_0583,dev_0784
acct_0584,dev_0669
acct_0584,dev_0657
acct_0584,dev_0575
acct_0584,dev_0447
acct_0585,dev_0089
acct_0585,dev_0114
acct_0585,dev_0091
acct_0586,dev_0320
acct_0586,dev_0389
acct_0587,dev_0397
acct_0587,dev_0433
acct_0588,dev_0109
acct_0588,dev_0404
acct_0589,dev_0323
acct_0589,dev_0148
acct_0589,dev_0303
acct_0589,dev_0224
acct_0590,dev_0613
acct_0591,dev_0646
acct_0591,dev_0220
acct_0591,dev_0506
acct_0591,dev_0298
acct_0592,dev_0717
acct_0592,dev_0753
acct_0593,dev_0744
acct_0593,dev_0401
acct_0593,dev_0306
acct_0593,dev_0675
acct_0594,dev_0432
acct_0594,dev_0694
acct_0594,dev_0484
acct_0595,dev_0289
acct_0595,dev_0713
acct_0595,dev_0199
acct_0596,dev_0726
acct_0597,dev_0712
acct_0597,dev_0494
acct_0597,dev_0298
acct_0597,dev_0148
acct_0598,dev_0370
acct_0599,dev_0695
acct_0599,dev_0172
acct_0599,dev_0057
acct_0599,dev_0098
acct_0600,dev_0607
acct_0600,dev_0444
acct_0600,dev_0152
acct_0601,dev_0309
acct_0601,dev_0704
acct_0601,dev_0610
acct_0601,dev_0176
acct_0602,dev_0376
acct_0602,dev_0011
acct_0602,dev_0122
acct_0602,dev_0119
acct_0603,dev_0023
acct_0603,dev_0600
acct_0604,dev_0305
acct_0604,dev_0585
acct_0604,dev_0128
acct_0604,dev_0101
acct_0605,dev_0403
acct_0606,dev_0771
acct_0607,dev_0005
acct_0607,dev_0568
acct_0608,dev_0668
acct_0608,dev_0165
acct_0609,dev_0086
acct_0610,dev_0557
acct_0610,dev_0175
acct_0610,dev_0433
acct_0611,dev_0531
acct_0612,dev_0711
acct_0612,dev_0320
acct_0612,dev_0535
acct_0612,dev_0360
acct_0613,dev_0192
acct_0614,dev_0616
acct_0614,dev_0565
acct_0615,dev_0076
acct_0615,dev_0563
acct_0615,dev_0261
acct_0615,dev_0266
acct_0616,dev_0692
acct_0616,dev_0435
acct_0616,dev_0711
acct_0617,dev_0648
acct_0617,dev_0713
acct_0617,dev_0661
acct_0618,dev_0429
acct_0618,dev_0157
acct_0619,dev_0079
acct_0619,dev_0276
acct_0620,dev_0067
acct_0620,dev_0337
acct_0620,dev_0655
acct_0620,dev_0091
acct_0621,dev_0280
acct_0621,dev_0010
acct_0622,dev_0387
acct_0622,dev_0107
acct_0623,dev_0602
acct_0623,dev_0501
acct_0623,dev_0097
acct_0624,dev_0049
acct_0625,dev_0759
acct_0625,dev_0694
acct_0625,dev_0544
acct_0626,dev_0673
acct_0626,dev_0129
acct_0627,dev_0054
acct_0627,dev_0742
acct_0627,dev_0654
acct_0628,dev_0362
acct_0628,dev_0479
acct_0628,dev_0514
acct_0628,dev_0293
acct_0629,dev_0312
acct_0630,dev_0095
acct_0630,dev_0169
acct_0631,dev_0567
acct_0631,dev_0504
acct_0631,dev_0010
acct_0632,dev_0415
acct_0633,dev_0731
acct_0634,dev_0621
acct_0635,dev_0136
acct_0635,dev_0526
acct_0635,dev_0361
acct_0636,dev_0174
acct_0636,dev_0382
acct_0636,dev_0115
acct_0636,dev_0346
acct_0637,dev_0494
acct_0637,dev_0300
acct_0637,dev_0271
acct_0638,dev_0312
acct_0638,dev_0658
acct_0639,dev_0058
acct_0639,dev_0364
acct_0639,dev_0006
acct_0639,dev_0630
acct_0640,dev_0739
acct_0640,dev_0190
acct_0640,dev_0411
acct_0641,dev_0086
acct_0641,dev_0541
acct_0642,dev_0007
acct_0642,dev_0159
acct_0642,dev_0787
acct_0642,dev_0672
acct_0643,dev_0373
acct_0643,dev_0438
acct_0643,dev_0186
acct_0644,dev_0765
acct_0644,dev_0444
acct_0644,dev_0005
acct_0645,dev_0136
acct_0646,dev_0490
acct_0646,dev_0681
acct_0647,dev_0698
acct_0647,dev_0731
acct_0647,dev_0130
acct_0647,dev_0332
acct_0648,dev_0021
acct_0649,dev_0785
acct_0650,dev_0444
acct_0651,dev_0253
acct_0651,dev_0632
acct_0651,dev_0156
acct_0651,dev_0746
acct_0652,dev_0269
acct_0653,dev_0717
acct_0654,dev_0135
acct_0655,dev_0631
acct_0656,dev_0537
acct_0656,dev_0313
acct_0656,dev_0716
acct_0656,dev_0648
acct_0657,dev_0062
acct_0657,dev_0522
acct_0657,dev_0437
acct_0657,dev_0659
acct_0658,dev_0372
acct_0658,dev_0287
acct_0658,dev_0359
acct_0659,dev_0053
acct_0660,dev_0441
acct_0661,dev_0311
acct_0661,dev_0114
acct_0661,dev_0099
acct_0662,dev_0339
acct_0662,dev_0369
acct_0663,dev_0215
acct_0663,dev_0598
acct_0663,dev_0393
acct_0664,dev_0042
acct_0665,dev_0076
acct_0666,dev_0044
acct_0666,dev_0130
acct_0667,dev_0777
acct_0667,dev_0573
acct_0667,dev_0355
acct_0668,dev_0429
acct_0668,dev_0536
acct_0668,dev_0515
acct_0668,dev_0022
acct_0669,dev_0579
acct_0670,dev_0506
acct_0670,dev_0701
acct_0670,dev_0545
acct_0670,dev_0525
acct_0671,dev_0575
acct_0671,dev_0798
acct_0671,dev_0399
acct_0671,dev_0410
acct_0672,dev_0606
acct_0672,dev_0713
acct_0673,dev_0310
acct_0673,dev_0225
acct_0673,dev_0303
acct_0674,dev_0546
acct_0675,dev_0284
acct_0675,dev_0136
acct_0676,dev_0001
acct_0677,dev_0739
acct_0677,dev_0136
acct_0677,dev_0418
acct_0678,dev_0224
acct_0678,dev_0748
acct_0678,dev_0286
acct_0679,dev_0739
acct_0680,dev_0275
acct_0680,dev_0208
acct_0680,dev_0595
acct_0681,dev_0490
acct_0681,dev_0095
acct_0682,dev_0746
acct_0682,dev_0184
acct_0682,dev_0663
acct_0682,dev_0288
acct_0683,dev_0403
acct_0683,dev_0703
acct_0684,dev_0251
acct_0684,dev_0465
acct_0684,dev_0660
acct_0684,dev_0412
acct_0685,dev_0617
acct_0686,dev_0112
acct_0687,dev_0788
acct_0687,dev_0085
acct_0688,dev_0555
acct_0689,dev_0167
acct_0689,dev_0314
acct_0689,dev_0339
acct_0689,dev_0490
acct_0690,dev_0642
acct_0690,dev_0556
acct_0690,dev_0126
acct_0691,dev_0105
acct_0691,dev_0523
acct_0691,dev_0425
acct_0692,dev_0437
acct_0692,dev_0394
acct_0693,dev_0703
acct_0693,dev_0732
acct_0693,dev_0115
acct_0693,dev_0503
acct_0694,dev_0365
acct_0694,dev_0078
acct_0694,dev_0630
acct_0695,dev_0619
acct_0696,dev_0614
acct_0696,dev_0185
acct_0696,dev_0695
acct_0697,dev_0277
acct_0698,dev_0796
acct_0698,dev_0671
acct_0699,dev_0738
acct_0699,dev_0489
acct_0699,dev_0068
acct_0699,dev_0115
acct_0700,dev_0785
acct_0700,dev_0394
acct_0701,dev_0616
acct_0701,dev_0651
acct_0701,dev_0341
acct_0701,dev_0141
acct_0702,dev_0551
acct_0702,dev_0546
acct_0702,dev_0504
acct_0702,dev_0545
acct_0703,dev_0539
acct_0703,dev_0591
acct_0703,dev_0795
acct_0703,dev_0710
acct_0704,dev_0208
acct_0705,dev_0136
acct_0705,dev_0112
acct_0705,dev_0061
acct_0705,dev_0357
acct_0706,dev_0248
acct_0706,dev_0215
acct_0706,dev_0229
acct_0706,dev_0057
acct_0707,dev_0712
acct_0708,dev_0608
acct_0708,dev_0161
acct_0708,dev_0030
acct_0708,dev_0150
acct_0709,dev_0582
acct_0710,dev_0481
acct_0710,dev_0421
acct_0710,dev_0739
acct_0711,dev_0061
acct_0711,dev_0657
acct_0712,dev_0011
acct_0712,dev_0405
acct_0713,dev_0726
acct_0713,dev_0232
acct_0713,dev_0433
acct_0714,dev_0128
acct_0714,dev_0760
acct_0714,dev_0216
acct_0714,dev_0410
acct_0715,dev_0763
acct_0715,dev_0572
acct_0716,dev_0668
acct_0716,dev_0657
acct_0716,dev_0414
acct_0717,dev_0111
acct_0717,dev_0106
acct_0717,dev_0079
acct_0718,dev_0554
acct_0718,dev_0109
acct_0719,dev_0774
acct_0720,dev_0246
acct_0721,dev_0046
acct_0721,dev_0049
acct_0721,dev_0322
acct_0721,dev_0095
acct_0722,dev_0512
acct_0722,dev_0199
acct_0722,dev_0322
acct_0722,dev_0769
acct_0723,dev_0514
acct_0724,dev_0297
acct_0725,dev_0735
acct_0726,dev_0513
acct_0726,dev_0528
acct_0727,dev_0638
acct_0727,dev_0441
acct_0727,dev_0040
acct_0728,dev_0099
acct_0728,dev_0015
acct_0728,dev_0146
acct_0728,dev_0784
acct_0729,dev_0321
acct_0729,dev_0173
acct_0729,dev_0302
acct_0729,dev_0165
acct_0730,dev_0361
acct_0730,dev_0091
acct_0730,dev_0072
acct_0731,dev_0781
acct_0731,dev_0452
acct_0731,dev_0665
acct_0732,dev_0372
acct_0733,dev_0524
acct_0733,dev_0639
acct_0733,dev_0321
acct_0734,dev_0698
acct_0734,dev_0043
acct_0734,dev_0635
acct_0735,dev_0158
acct_0736,dev_0583
acct_0736,dev_0408
acct_0737,dev_0685
acct_0737,dev_0095
acct_0737,dev_0357
acct_0737,dev_0477
acct_0738,dev_0406
acct_0739,dev_0618
acct_0739,dev_0497
acct_0739,dev_0217
acct_0740,dev_0481
acct_0740,dev_0149
acct_0741,dev_0063
acct_0741,dev_0370
acct_0741,dev_0440
acct_0741,dev_0484
acct_0742,dev_0776
acct_0743,dev_0280
acct_0744,dev_0685
acct_0744,dev_0265
acct_0745,dev_0350
acct_0745,dev_0771
acct_0745,dev_0304
acct_0745,dev_0168
acct_0746,dev_0548
acct_0746,dev_0705
acct_0746,dev_0164
acct_0746,dev_0713
acct_0747,dev_0079
acct_0747,dev_0740
acct_0748,dev_0469
acct_0748,dev_0151
acct_0749,dev_0461
acct_0750,dev_0223
acct_0751,dev_0615
acct_0751,dev_0386
acct_0752,dev_0695
acct_0752,dev_0590
acct_0753,dev_0016
acct_0753,dev_0309
acct_0753,dev_0314
acct_0754,dev_0423
acct_0754,dev_0420
acct_0754,dev_0360
acct_0754,dev_0555
acct_0755,dev_0382
acct_0755,dev_0181
acct_0755,dev_0566
acct_0755,dev_0609
acct_0756,dev_0675
acct_0756,dev_0705
acct_0756,dev_0696
acct_0757,dev_0631
acct_0758,dev_0515
acct_0758,dev_0595
acct_0758,dev_0033
acct_0758,dev_0683
acct_0759,dev_0564
acct_0759,dev_0390
acct_0759,dev_0117
acct_0759,dev_0200
acct_0760,dev_0007
acct_0760,dev_0383
acct_0760,dev_0229
acct_0760,dev_0519
acct_0761,dev_0689
acct_0761,dev_0247
acct_0761,dev_0004
acct_0761,dev_0424
acct_0762,dev_0383
acct_0762,dev_0531
acct_0763,dev_0569
acct_0763,dev_0400
acct_0764,dev_0131
acct_0764,dev_0651
acct_0764,dev_0399
acct_0764,dev_0745
acct_0765,dev_0447
acct_0765,dev_0236
acct_0766,dev_0646
acct_0767,dev_0095
acct_0768,dev_0028
acct_0768,dev_0632
acct_0769,dev_0760
acct_0770,dev_0668
acct_0770,dev_0227
acct_0771,dev_0788
acct_0771,dev_0266
acct_0771,dev_0675
acct_0771,dev_0052
acct_0772,dev_0113
acct_0773,dev_0095
acct_0773,dev_0079
acct_0774,dev_0423
acct_0775,dev_0215
acct_0776,dev_0010
acct_0776,dev_0182
acct_0776,dev_0675
acct_0777,dev_0355
acct_0777,dev_0495
acct_0777,dev_0628
acct_0778,dev_0124
acct_0778,dev_0197
acct_0778,dev_0620
acct_0779,dev_0221
acct_0779,dev_0373
acct_0780,dev_0141
acct_0780,dev_0225
acct_0780,dev_0085
acct_0781,dev_0094
acct_0781,dev_0356
acct_0782,dev_0197
acct_0782,dev_0256
acct_0782,dev_0177
acct_0782,dev_0202
acct_0783,dev_0169
acct_0783,dev_0210
acct_0783,dev_0739
acct_0784,dev_0637
acct_0784,dev_0110
acct_0784,dev_0621
acct_0785,dev_0460
acct_0786,dev_0300
acct_0786,dev_0618
acct_0786,dev_0660
acct_0786,dev_0543
acct_0787,dev_0439
acct_0787,dev_0190
acct_0787,dev_0366
acct_0788,dev_0380
acct_0788,dev_0148
acct_0788,dev_0798
acct_0789,dev_0734
acct_0790,dev_0238
acct_0790,dev_0575
acct_0790,dev_0067
acct_0791,dev_0733
acct_0791,dev_0622
acct_0791,dev_0687
acct_0792,dev_0698
acct_0792,dev_0774
acct_0792,dev_0445
acct_0792,dev_0325
acct_0793,dev_0510
acct_0793,dev_0047
acct_0793,dev_0281
acct_0793,dev_0431
acct_0794,dev_0615
acct_0794,dev_0334
acct_0795,dev_0472
acct_0796,dev_0345
acct_0797,dev_0425
acct_0798,dev_0569
acct_0799,dev_0505
acct_0799,dev_0656
acct_0799,dev_0124
acct_0799,dev_0382
acct_0800,dev_0010
acct_0801,dev_0231
acct_0801,dev_0174
acct_0801,dev_0090
acct_0801,dev_0195
acct_0802,dev_0113
acct_0803,dev_0337
acct_0803,dev_0704
acct_0803,dev_0627
acct_0804,dev_0129
acct_0805,dev_0684
acct_0805,dev_0125
acct_0805,dev_0534
acct_0805,dev_0540
acct_0806,dev_0287
acct_0806,dev_0329
acct_0806,dev_0791
acct_0806,dev_0748
acct_0807,dev_0361
acct_0808,dev_0061
acct_0808,dev_0217
acct_0808,dev_0013
acct_0808,dev_0686
acct_0809,dev_0107
acct_0809,dev_0348
acct_0809,dev_0213
acct_0809,dev_0604
acct_0810,dev_0133
acct_0811,dev_0635
acct_0811,dev_0525
acct_0811,dev_0207
acct_0811,dev_0798
acct_0812,dev_0591
acct_0812,dev_0663
acct_0812,dev_0104
acct_0813,dev_0246
acct_0814,dev_0029
acct_0814,dev_0487
acct_0814,dev_0677
acct_0815,dev_0441
acct_0815,dev_0217
acct_0815,dev_0154
acct_0816,dev_0279
acct_0816,dev_0378
acct_0816,dev_0100
acct_0816,dev_0050
acct_0817,dev_0608
acct_0817,dev_0282
acct_0818,dev_0113
acct_0818,dev_0224
acct_0819,dev_0589
acct_0820,dev_0231
acct_0820,dev_0635
acct_0820,dev_0716
acct_0821,dev_0507
acct_0821,dev_0210
acct_0821,dev_0175
acct_0822,dev_0751
acct_0822,dev_0003
acct_0822,dev_0096
acct_0823,dev_0704
acct_0823,dev_0244
acct_0823,dev_0174
acct_0824,dev_0145
acct_0824,dev_0013
acct_0824,dev_0682
acct_0824,dev_0485
acct_0825,dev_0174
acct_0826,dev_0597
acct_0826,dev_0001
acct_0826,dev_0500
acct_0826,dev_0253
acct_0827,dev_0233
acct_0827,dev_0537
acct_0827,dev_0515
acct_0828,dev_0753
acct_0828,dev_0343
acct_0828,dev_0463
acct_0829,dev_0469
acct_0829,dev_0013
acct_0829,dev_0361
acct_0830,dev_0702
acct_0830,dev_0531
acct_0830,dev_0745
acct_0831,dev_0675
acct_0831,dev_0145
acct_0832,dev_0368
acct_0832,dev_0211
acct_0832,dev_0762
acct_0832,dev_0091
acct_0833,dev_0641
acct_0833,dev_0695
acct_0833,dev_0557
acct_0834,dev_0400
acct_0834,dev_0603
acct_0834,dev_0427
acct_0835,dev_0627
acct_0835,dev_0125
acct_0835,dev_0443
acct_0836,dev_0510
acct_0837,dev_0638
acct_0837,dev_0571
acct_0837,dev_0680
acct_0838,dev_0301
acct_0839,dev_0289
acct_0839,dev_0607
acct_0840,dev_0005
acct_0840,dev_0440
acct_0840,dev_0360
acct_0841,dev_0358
acct_0841,dev_0290
acct_0842,dev_0442
acct_0842,dev_0599
acct_0843,dev_0484
acct_0844,dev_0267
acct_0845,dev_0592
acct_0845,dev_0142
acct_0845,dev_0699
acct_0846,dev_0308
acct_0846,dev_0312
acct_0847,dev_0558
acct_0847,dev_0187
acct_0847,dev_0384
acct_0847,dev_0447
acct_0848,dev_0710
acct_0848,dev_0320
acct_0848,dev_0515
acct_0848,dev_0701
acct_0849,dev_0420
acct_0849,dev_0472
acct_0849,dev_0028
acct_0849,dev_0572
acct_0850,dev_0629
acct_0850,dev_0309
acct_0851,dev_0635
acct_0851,dev_0556
acct_0852,dev_0473
acct_0853,dev_0341
acct_0854,dev_0707
acct_0854,dev_0339
acct_0854,dev_0062
acct_0854,dev_0124
acct_0855,dev_0575
acct_0855,dev_0758
acct_0856,dev_0736
acct_0856,dev_0006
acct_0856,dev_0496
acct_0857,dev_0618
acct_0857,dev_0123
acct_0858,dev_0485
acct_0859,dev_0056
acct_0859,dev_0124
acct_0859,dev_0307
acct_0859,dev_0414
acct_0860,dev_0673
acct_0860,dev_0631
acct_0860,dev_0126
acct_0860,dev_0442
acct_0861,dev_0174
acct_0861,dev_0523
acct_0862,dev_0683
acct_0862,dev_0102
acct_0862,dev_0602
acct_0863,dev_0475
acct_0864,dev_0577
acct_0865,dev_0043
acct_0865,dev_0363
acct_0865,dev_0142
acct_0865,dev_0479
acct_0866,dev_0357
acct_0866,dev_0723
acct_0867,dev_0470
acct_0867,dev_0732
acct_0867,dev_0143
acct_0868,dev_0385
acct_0868,dev_0483
acct_0868,dev_0620
acct_0868,dev_0674
acct_0869,dev_0132
acct_0869,dev_0714
acct_0869,dev_0331
acct_0870,dev_0750
acct_0871,dev_0511
acct_0872,dev_0745
acct_0872,dev_0393
acct_0873,dev_0452
acct_0874,dev_0386
acct_0874,dev_0136
acct_0874,dev_0652
acct_0874,dev_0587
acct_0875,dev_0695
acct_0875,dev_0292
acct_0875,dev_0230
acct_0875,dev_0206
acct_0876,dev_0088
acct_0876,dev_0596
acct_0877,dev_0143
acct_0878,dev_0581
acct_0878,dev_0559
acct_0878,dev_0073
acct_0878,dev_0348
acct_0879,dev_0584
acct_0879,dev_0485
acct_0880,dev_0449
acct_0881,dev_0103
acct_0881,dev_0120
acct_0881,dev_0510
acct_0882,dev_0229
acct_0883,dev_0294
acct_0883,dev_0076
acct_0884,dev_0633
acct_0884,dev_0058
acct_0884,dev_0559
acct_0884,dev_0714
acct_0885,dev_0668
acct_0885,dev_0030
acct_0885,dev_0033
acct_0886,dev_0142
acct_0887,dev_0241
acct_0888,dev_0612
acct_0888,dev_0757
acct_0888,dev_0627
acct_0888,dev_0082
acct_0889,dev_0519
acct_0889,dev_0230
acct_0889,dev_0665
acct_0889,dev_0358
acct_0890,dev_0026
acct_0891,dev_0565
acct_0892,dev_0562
acct_0892,dev_0141
acct_0892,dev_0118
acct_0892,dev_0448
acct_0893,dev_0351
acct_0893,dev_0447
acct_0894,dev_0602
acct_0895,dev_0015
acct_0896,dev_0449
acct_0896,dev_0184
acct_0897,dev_0299
acct_0897,dev_0132
acct_0898,dev_0506
acct_0898,dev_0722
acct_0899,dev_0798
acct_0899,dev_0564
acct_0899,dev_0299
acct_0900,dev_0055
acct_0901,dev_0140
acct_0901,dev_0533
acct_0902,dev_0381
acct_0903,dev_0665
acct_0903,dev_0782
acct_0903,dev_0464
acct_0903,dev_0116
acct_0904,dev_0276
acct_0905,dev_0624
acct_0905,dev_0393
acct_0905,dev_0507
acct_0906,dev_0045
acct_0906,dev_0229
acct_0906,dev_0210
acct_0906,dev_0388
acct_0907,dev_0032
acct_0907,dev_0554
acct_0907,dev_0781
acct_0908,dev_0775
acct_0908,dev_0028
acct_0909,dev_0566
acct_0910,dev_0166
acct_0910,dev_0390
acct_0910,dev_0478
acct_0911,dev_0087
acct_0911,dev_0255
acct_0911,dev_0789
acct_0912,dev_0370
acct_0912,dev_0275
acct_0912,dev_0675
acct_0913,dev_0270
acct_0913,dev_0183
acct_0913,dev_0454
acct_0914,dev_0491
acct_0914,dev_0653
acct_0914,dev_0569
acct_0915,dev_0283
acct_0916,dev_0265
acct_0916,dev_0506
acct_0916,dev_0130
acct_0917,dev_0238
acct_0918,dev_0593
acct_0918,dev_0324
acct_0918,dev_0042
acct_0918,dev_0566
acct_0919,dev_0016
acct_0919,dev_0694
acct_0919,dev_0361
acct_0920,dev_0079
acct_0921,dev_0584
acct_0921,dev_0380
acct_0921,dev_0697
acct_0922,dev_0621
acct_0922,dev_0368
acct_0922,dev_0343
acct_0923,dev_0045
acct_0923,dev_0297
acct_0923,dev_0153
acct_0924,dev_0320
acct_0924,dev_0523
acct_0925,dev_0390
acct_0925,dev_0780
acct_0926,dev_0578
acct_0926,dev_0515
acct_0927,dev_0675
acct_0927,dev_0537
acct_0927,dev_0532
acct_0927,dev_0451
acct_0928,dev_0336
acct_0928,dev_0248
acct_0929,dev_0709
acct_0930,dev_0360
acct_0931,dev_0619
acct_0931,dev_0235
acct_0931,dev_0459
acct_0931,dev_0428
acct_0932,dev_0795
acct_0932,dev_0417
acct_0933,dev_0120
acct_0933,dev_0083
acct_0933,dev_0418
acct_0934,dev_0184
acct_0934,dev_0464
acct_0935,dev_0269
acct_0935,dev_0783
acct_0935,dev_0567
acct_0935,dev_0728
acct_0936,dev_0074
acct_0936,dev_0135
acct_0937,dev_0729
acct_0937,dev_0300
acct_0938,dev_0605
acct_0938,dev_0623
acct_0938,dev_0631
acct_0939,dev_0459
acct_0939,dev_0418
acct_0939,dev_0645
acct_0940,dev_0741
acct_0940,dev_0784
acct_0941,dev_0607
acct_0942,dev_0520
acct_0942,dev_0739
acct_0943,dev_0049
acct_0943,dev_0577
acct_0943,dev_0530
acct_0944,dev_0146
acct_0944,dev_0042
acct_0945,dev_0101
acct_0945,dev_0355
acct_0945,dev_0291
acct_0946,dev_0449
acct_0946,dev_0229
acct_0946,dev_0173
acct_0946,dev_0295
acct_0947,dev_0211
acct_0948,dev_0006
acct_0948,dev_0500
acct_0949,dev_0584
acct_0949,dev_0436
acct_0949,dev_0749
acct_0950,dev_0733
acct_0951,dev_0505
acct_0951,dev_0269
acct_0951,dev_0088
acct_0951,dev_0140
acct_0952,dev_0744
acct_0952,dev_0076
acct_0953,dev_0645
acct_0953,dev_0753
acct_0953,dev_0525
acct_0953,dev_0688
acct_0954,dev_0443
acct_0955,dev_0571
acct_0955,dev_0676
acct_0956,dev_0600
acct_0956,dev_0385
acct_0957,dev_0496
acct_0957,dev_0191
acct_0958,dev_0003
acct_0958,dev_0444
acct_0959,dev_0727
acct_0959,dev_0182
acct_0960,dev_0628
acct_0960,dev_0389
acct_0960,dev_0646
acct_0961,dev_0307
acct_0961,dev_0237
acct_0962,dev_0556
acct_0962,dev_0492
acct_0962,dev_0302
acct_0963,dev_0429
acct_0963,dev_0457
acct_0963,dev_0333
acct_0964,dev_0326
acct_0964,dev_0676
acct_0964,dev_0116
acct_0964,dev_0355
acct_0965,dev_0029
acct_0965,dev_0297
acct_0966,dev_0267
acct_0966,dev_0691
acct_0966,dev_0325
acct_0967,dev_0274
acct_0968,dev_0226
acct_0968,dev_0586
acct_0968,dev_0170
acct_0968,dev_0548
acct_0969,dev_0739
acct_0970,dev_0361
acct_0970,dev_0785
acct_0970,dev_0784
acct_0971,dev_0370
acct_0971,dev_0548
acct_0972,dev_0297
acct_0972,dev_0165
acct_0973,dev_0013
acct_0973,dev_0036
acct_0974,dev_0496
acct_0974,dev_0043
acct_0974,dev_0160
acct_0974,dev_0289
acct_0975,dev_0767
acct_0975,dev_0126
acct_0975,dev_0386
acct_0976,dev_0020
acct_0976,dev_0015
acct_0976,dev_0760
acct_0976,dev_0554
acct_0977,dev_0331
acct_0977,dev_0435
acct_0977,dev_0524
acct_0978,dev_0207
acct_0978,dev_0102
acct_0978,dev_0270
acct_0978,dev_0671
acct_0979,dev_0574
acct_0979,dev_0285
acct_0979,dev_0494
acct_0979,dev_0291
acct_0980,dev_0381
acct_0980,dev_0781
acct_0980,dev_0559
acct_0980,dev_0731
acct_0981,dev_0406
acct_0982,dev_0658
acct_0983,dev_0212
acct_0983,dev_0501
acct_0984,dev_0535
acct_0984,dev_0740
acct_0984,dev_0580
acct_0984,dev_0778
acct_0985,dev_0318
acct_0985,dev_0758
acct_0985,dev_0345
acct_0985,dev_0154
acct_0986,dev_0005
acct_0986,dev_0274
acct_0986,dev_0706
acct_0986,dev_0214
acct_0987,dev_0725
acct_0987,dev_0494
acct_0987,dev_0526
acct_0987,dev_0568
acct_0988,dev_0384
acct_0989,dev_0170
acct_0990,dev_0507
acct_0990,dev_0174
acct_0990,dev_0641
acct_0990,dev_0537
acct_0991,dev_0120
acct_0991,dev_0445
acct_0991,dev_0301
acct_0992,dev_0144
acct_0992,dev_0297
acct_0993,dev_0483
acct_0993,dev_0473
acct_0993,dev_0215
acct_0994,dev_0010
acct_0994,dev_0325
acct_0994,dev_0426
acct_0994,dev_0183
acct_0995,dev_0718
acct_0995,dev_0192
acct_0995,dev_0204
acct_0996,dev_0096
acct_0996,dev_0062
acct_0996,dev_0639
acct_0997,dev_0353
acct_0997,dev_0643
acct_0998,dev_0436
acct_0998,dev_0598
acct_0998,dev_0746
acct_0999,dev_0079
acct_0999,dev_0606
acct_1000,dev_0269
acct_1000,dev_0577
acct_1001,dev_0338
acct_1001,dev_0589
acct_1001,dev_0790
acct_1001,dev_0606
acct_1002,dev_0221
acct_1002,dev_0093
acct_1003,dev_0331
acct_1004,dev_0435
acct_1004,dev_0680
acct_1004,dev_0483
acct_1004,dev_0334
acct_1005,dev_0386
acct_1005,dev_0792
acct_1005,dev_0394
acct_1005,dev_0723
acct_1006,dev_0619
acct_1007,dev_0447
acct_1007,dev_0573
acct_1008,dev_0667
acct_1008,dev_0356
acct_1008,dev_0182
acct_1008,dev_0025
acct_1009,dev_0391
acct_1009,dev_0383
acct_1010,dev_0538
acct_1010,dev_0199
acct_1010,dev_0005
acct_1011,dev_0514
acct_1011,dev_0013
acct_1011,dev_0621
acct_1012,dev_0712
acct_1013,dev_0735
acct_1014,dev_0039
acct_1015,dev_0084
acct_1015,dev_0429
acct_1016,dev_0321
acct_1017,dev_0670
acct_1017,dev_0628
acct_1018,dev_0726
acct_1018,dev_0173
acct_1018,dev_0600
acct_1019,dev_0066
acct_1020,dev_0085
acct_1020,dev_0176
acct_1020,dev_0454
acct_1021,dev_0705
acct_1021,dev_0517
acct_1022,dev_0120
acct_1022,dev_0349
acct_1022,dev_0477
acct_1023,dev_0090
acct_1023,dev_0119
acct_1023,dev_0092
acct_1023,dev_0186
acct_1024,dev_0785
acct_1025,dev_0471
acct_1025,dev_0083
acct_1025,dev_0741
acct_1026,dev_0317
acct_1026,dev_0054
acct_1027,dev_0423
acct_1027,dev_0231
acct_1027,dev_0192
acct_1028,dev_0270
acct_1028,dev_0094
acct_1028,dev_0501
acct_1028,dev_0363
acct_1029,dev_0037
acct_1029,dev_0599
acct_1030,dev_0355
acct_1030,dev_0661
acct_1030,dev_0698
acct_1030,dev_0295
acct_1031,dev_0092
acct_1031,dev_0525
acct_1031,dev_0791
acct_1032,dev_0032
acct_1032,dev_0118
acct_1032,dev_0529
acct_1033,dev_0381
acct_1033,dev_0577
acct_1033,dev_0386
acct_1034,dev_0644
acct_1035,dev_0344
acct_1035,dev_0663
acct_1035,dev_0102
acct_1036,dev_0559
acct_1036,dev_0190
acct_1036,dev_0770
acct_1036,dev_0022
acct_1037,dev_0258
acct_1037,dev_0740
acct_1038,dev_0239
acct_1039,dev_0591
acct_1039,dev_0410
acct_1039,dev_0607
acct_1040,dev_0307
acct_1040,dev_0611
acct_1041,dev_0055
acct_1041,dev_0092
acct_1041,dev_0316
acct_1042,dev_0471
acct_1042,dev_0000
acct_1043,dev_0082
acct_1043,dev_0189
acct_1043,dev_0241
acct_1044,dev_0157
acct_1044,dev_0701
acct_1045,dev_0482
acct_1046,dev_0781
acct_1046,dev_0098
acct_1047,dev_0289
acct_1047,dev_0690
acct_1047,dev_0747
acct_1048,dev_0227
acct_1049,dev_0513
acct_1049,dev_0001
acct_1049,dev_0625
acct_1050,dev_0216
acct_1051,dev_0435
acct_1051,dev_0154
acct_1052,dev_0431
acct_1052,dev_0183
acct_1052,dev_0167
acct_1053,dev_0671
acct_1054,dev_0702
acct_1054,dev_0465
acct_1054,dev_0011
acct_1054,dev_0497
acct_1055,dev_0618
acct_1056,dev_0114
acct_1056,dev_0183
acct_1056,dev_0434
acct_1057,dev_0202
acct_1057,dev_0527
acct_1057,dev_0629
acct_1058,dev_0501
acct_1059,dev_0691
acct_1059,dev_0303
acct_1059,dev_0785
acct_1060,dev_0300
acct_1060,dev_0365
acct_1061,dev_0610
acct_1062,dev_0544
acct_1063,dev_0744
acct_1063,dev_0148
acct_1064,dev_0750
acct_1064,dev_0536
acct_1065,dev_0623
acct_1065,dev_0741
acct_1066,dev_0345
acct_1067,dev_0738
acct_1067,dev_0668
acct_1067,dev_0760
acct_1068,dev_0196
acct_1069,dev_0710
acct_1069,dev_0050
acct_1070,dev_0281
acct_1070,dev_0764
acct_1070,dev_0705
acct_1070,dev_0796
acct_1071,dev_0619
acct_1072,dev_0019
acct_1072,dev_0424
acct_1073,dev_0099
acct_1073,dev_0226
acct_1073,dev_0230
acct_1074,dev_0626
acct_1075,dev_0487
acct_1075,dev_0571
acct_1075,dev_0012
acct_1075,dev_0351
acct_1076,dev_0760
acct_1076,dev_0510
acct_1076,dev_0215
acct_1076,dev_0545
acct_1077,dev_0676
acct_1078,dev_0085
acct_1078,dev_0212
acct_1078,dev_0765
acct_1079,dev_0030
acct_1079,dev_0159
acct_1079,dev_0639
acct_1079,dev_0598
acct_1080,dev_0783
acct_1080,dev_0023
acct_1080,dev_0769
acct_1080,dev_0290
acct_1081,dev_0099
acct_1082,dev_0162
acct_1082,dev_0785
acct_1083,dev_0327
acct_1083,dev_0788
acct_1083,dev_0371
acct_1084,dev_0230
acct_1084,dev_0413
acct_1084,dev_0506
acct_1084,dev_0774
acct_1085,dev_0003
acct_1085,dev_0545
acct_1085,dev_0342
acct_1086,dev_0428
acct_1086,dev_0420
acct_1086,dev_0193
acct_1086,dev_0651
acct_1087,dev_0613
acct_1088,dev_0700
acct_1088,dev_0093
acct_1088,dev_0379
acct_1088,dev_0023
acct_1089,dev_0740
acct_1089,dev_0245
acct_1089,dev_0179
acct_1090,dev_0211
acct_1091,dev_0472
acct_1091,dev_0512
acct_1092,dev_0250
acct_1092,dev_0473
acct_1093,dev_0698
acct_1094,dev_0266
acct_1094,dev_0733
acct_1094,dev_0550
acct_1094,dev_0123
acct_1095,dev_0299
acct_1096,dev_0438
acct_1096,dev_0127
acct_1096,dev_0106
acct_1096,dev_0149
acct_1097,dev_0672
acct_1097,dev_0347
acct_1097,dev_0145
acct_1097,dev_0248
acct_1098,dev_0469
acct_1099,dev_0338
acct_1099,dev_0461
acct_1099,dev_0716
acct_1099,dev_0264
acct_1100,dev_0026
acct_1100,dev_0226
acct_1100,dev_0379
acct_1101,dev_0486
acct_1101,dev_0730
acct_1101,dev_0450
acct_1102,dev_0393
acct_1102,dev_0263
acct_1102,dev_0652
acct_1103,dev_0151
acct_1103,dev_0598
acct_1103,dev_0012
acct_1104,dev_0633
acct_1104,dev_0174
acct_1104,dev_0352
acct_1104,dev_0659
acct_1105,dev_0387
acct_1105,dev_0496
acct_1105,dev_0663
acct_1106,dev_0388
acct_1106,dev_0014
acct_1106,dev_0684
acct_1106,dev_0066
acct_1107,dev_0284
acct_1107,dev_0623
acct_1108,dev_0470
acct_1108,dev_0583
acct_1108,dev_0653
acct_1108,dev_0012
acct_1109,dev_0408
acct_1110,dev_0277
acct_1111,dev_0250
acct_1111,dev_0262
acct_1112,dev_0181
acct_1112,dev_0041
acct_1112,dev_0623
acct_1112,dev_0272
acct_1113,dev_0535
acct_1113,dev_0310
acct_1114,dev_0599
acct_1114,dev_0779
acct_1115,dev_0201
acct_1116,dev_0555
acct_1117,dev_0595
acct_1118,dev_0772
acct_1118,dev_0416
acct_1118,dev_0615
acct_1119,dev_0526
acct_1119,dev_0290
acct_1119,dev_0660
acct_1119,dev_0306
acct_1120,dev_0640
acct_1120,dev_0450
acct_1120,dev_0114
acct_1121,dev_0507
acct_1121,dev_0167
acct_1121,dev_0183
acct_1121,dev_0067
acct_1122,dev_0198
acct_1122,dev_0797
acct_1123,dev_0513
acct_1123,dev_0312
acct_1123,dev_0327
acct_1124,dev_0331
acct_1124,dev_0160
acct_1125,dev_0624
acct_1125,dev_0678
acct_1126,dev_0798
acct_1126,dev_0743
acct_1126,dev_0275
acct_1126,dev_0234
acct_1127,dev_0341
acct_1127,dev_0744
acct_1127,dev_0362
acct_1128,dev_0780
acct_1128,dev_0427
acct_1128,dev_0005
acct_1128,dev_0413
acct_1129,dev_0467
acct_1129,dev_0785
acct_1130,dev_0301
acct_1130,dev_0382
acct_1130,dev_0024
acct_1131,dev_0220
acct_1131,dev_0632
acct_1132,dev_0740
acct_1132,dev_0491
acct_1132,dev_0738
acct_1133,dev_0060
acct_1133,dev_0103
acct_1133,dev_0057
acct_1133,dev_0654
acct_1134,dev_0113
acct_1134,dev_0483
acct_1134,dev_0137
acct_1135,dev_0155
acct_1135,dev_0154
acct_1135,dev_0603
acct_1135,dev_0306
acct_1136,dev_0335
acct_1136,dev_0586
acct_1137,dev_0143
acct_1138,dev_0791
acct_1138,dev_0456
acct_1138,dev_0765
acct_1139,dev_0471
acct_1139,dev_0370
acct_1140,dev_0143
acct_1141,dev_0498
acct_1141,dev_0049
acct_1141,dev_0541
acct_1141,dev_0061
acct_1142,dev_0551
acct_1142,dev_0503
acct_1142,dev_0289
acct_1143,dev_0544
acct_1144,dev_0624
acct_1144,dev_0665
acct_1144,dev_0195
acct_1144,dev_0769
acct_1145,dev_0476
acct_1145,dev_0462
acct_1145,dev_0756
acct_1146,dev_0464
acct_1146,dev_0540
acct_1146,dev_0799
acct_1147,dev_0019
acct_1147,dev_0008
acct_1147,dev_0230
acct_1147,dev_0330
acct_1148,dev_0545
acct_1148,dev_0468
acct_1148,dev_0669
acct_1149,dev_0193
acct_1149,dev_0791
acct_1150,dev_0026
acct_1151,dev_0070
acct_1151,dev_0335
acct_1151,dev_0322
acct_1152,dev_0434
acct_1152,dev_0277
acct_1153,dev_0450
acct_1153,dev_0126
acct_1154,dev_0449
acct_1154,dev_0408
acct_1154,dev_0203
acct_1154,dev_0210
acct_1155,dev_0166
acct_1156,dev_0767
acct_1156,dev_0324
acct_1156,dev_0425
acct_1157,dev_0489
acct_1157,dev_0261
acct_1157,dev_0520
acct_1158,dev_0389
acct_1159,dev_0066
acct_1159,dev_0444
acct_1159,dev_0667
acct_1160,dev_0016
acct_1160,dev_0281
acct_1160,dev_0747
acct_1160,dev_0662
acct_1161,dev_0131
acct_1162,dev_0062
acct_1163,dev_0161
acct_1163,dev_0429
acct_1163,dev_0176
acct_1163,dev_0178
acct_1164,dev_0166
acct_1165,dev_0413
acct_1165,dev_0640
acct_1165,dev_0382
acct_1166,dev_0481
acct_1167,dev_0047
acct_1167,dev_0552
acct_1167,dev_0386
acct_1167,dev_0780
acct_1168,dev_0228
acct_1168,dev_0094
acct_1168,dev_0429
acct_1169,dev_0475
acct_1169,dev_0425
acct_1169,dev_0549
acct_1169,dev_0450
acct_1170,dev_0263
acct_1170,dev_0131
acct_1170,dev_0330
acct_1170,dev_0672
acct_1171,dev_0128
acct_1171,dev_0224
acct_1172,dev_0761
acct_1173,dev_0255
acct_1174,dev_0336
acct_1174,dev_0727
acct_1174,dev_0473
acct_1175,dev_0593
acct_1175,dev_0754
acct_1176,dev_0202
acct_1177,dev_0243
acct_1178,dev_0495
acct_1178,dev_0352
acct_1178,dev_0192
acct_1178,dev_0643
acct_1179,dev_0120
acct_1179,dev_0762
acct_1179,dev_0286
acct_1179,dev_0671
acct_1180,dev_0790
acct_1180,dev_0562
acct_1180,dev_0467
acct_1180,dev_0679
acct_1181,dev_0064
acct_1181,dev_0374
acct_1181,dev_0436
acct_1182,dev_0232
acct_1183,dev_0314
acct_1183,dev_0463
acct_1183,dev_0446
acct_1184,dev_0523
acct_1184,dev_0199
acct_1184,dev_0145
acct_1184,dev_0696
acct_1185,dev_0538
acct_1185,dev_0615
acct_1185,dev_0798
acct_1186,dev_0545
acct_1187,dev_0162
acct_1187,dev_0102
acct_1187,dev_0696
acct_1188,dev_0207
acct_1188,dev_0285
acct_1188,dev_0050
acct_1188,dev_0410
acct_1189,dev_0479
acct_1189,dev_0329
acct_1189,dev_0139
acct_1189,dev_0738
acct_1190,dev_0213
acct_1190,dev_0751
acct_1190,dev_0627
acct_1191,dev_0143
acct_1191,dev_0147
acct_1191,dev_0492
acct_1191,dev_0164
acct_1192,dev_0400
acct_1192,dev_0605
acct_1192,dev_0198
acct_1192,dev_0254
acct_1193,dev_0126
acct_1193,dev_0743
acct_1193,dev_0757
acct_1193,dev_0599
acct_1194,dev_0778
acct_1194,dev_0335
acct_1194,dev_0011
acct_1195,dev_0790
acct_1196,dev_0157
acct_1196,dev_0072
acct_1196,dev_0772
acct_1196,dev_0737
acct_1197,dev_0115
acct_1197,dev_0641
acct_1197,dev_0477
acct_1198,dev_0090
acct_1199,dev_0653
acct_1200,dev_0257
acct_1200,dev_0655
acct_1200,dev_0520
acct_1201,dev_0103
acct_1202,dev_0681
acct_1202,dev_0272
acct_1202,dev_0106
acct_1202,dev_0799
acct_1203,dev_0043
acct_1203,dev_0616
acct_1203,dev_0110
acct_1203,dev_0604
acct_1204,dev_0782
acct_1205,dev_0403
acct_1205,dev_0735
acct_1205,dev_0762
acct_1205,dev_0040
acct_1206,dev_0408
acct_1207,dev_0101
acct_1207,dev_0299
acct_1207,dev_0422
acct_1208,dev_0367
acct_1208,dev_0699
acct_1208,dev_0352
acct_1209,dev_0332
acct_1210,dev_0758
acct_1210,dev_0410
acct_1210,dev_0771
acct_1211,dev_0631
acct_1211,dev_0551
acct_1211,dev_0757
acct_1212,dev_0654
acct_1213,dev_0724
acct_1213,dev_0497
acct_1213,dev_0359
acct_1214,dev_0330
acct_1214,dev_0016
acct_1215,dev_0518
acct_1215,dev_0717
acct_1215,dev_0657
acct_1216,dev_0203
acct_1217,dev_0269
acct_1217,dev_0149
acct_1217,dev_0733
acct_1217,dev_0348
acct_1218,dev_0628
acct_1218,dev_0583
acct_1218,dev_0084
acct_1219,dev_0683
acct_1219,dev_0280
acct_1220,dev_0251
acct_1220,dev_0231
acct_1221,dev_0626
acct_1222,dev_0422
acct_1222,dev_0190
acct_1223,dev_0441
acct_1223,dev_0379
acct_1223,dev_0373
acct_1224,dev_0709
acct_1225,dev_0098
acct_1225,dev_0519
acct_1226,dev_0734
acct_1226,dev_0718
acct_1226,dev_0660
acct_1227,dev_0471
acct_1228,dev_0572
acct_1228,dev_0665
acct_1228,dev_0058
acct_1228,dev_0355
acct_1229,dev_0583
acct_1229,dev_0258
acct_1229,dev_0745
acct_1230,dev_0405
acct_1230,dev_0220
acct_1231,dev_0147
acct_1231,dev_0784
acct_1231,dev_0552
acct_1231,dev_0697
acct_1232,dev_0793
acct_1233,dev_0747
acct_1233,dev_0165
acct_1233,dev_0750
acct_1233,dev_0199
acct_1234,dev_0746
acct_1234,dev_0122
acct_1234,dev_0339
acct_1234,dev_0091
acct_1235,dev_0417
acct_1235,dev_0390
acct_1235,dev_0713
acct_1235,dev_0485
acct_1236,dev_0363
acct_1236,dev_0181
acct_1236,dev_0724
acct_1237,dev_0205
acct_1237,dev_0232
acct_1237,dev_0359
acct_1237,dev_0662
acct_1238,dev_0536
acct_1239,dev_0097
acct_1239,dev_0172
acct_1239,dev_0001
acct_1240,dev_0313
acct_1240,dev_0028
acct_1240,dev_0581
acct_1240,dev_0576
acct_1241,dev_0186
acct_1241,dev_0548
acct_1241,dev_0223
acct_1241,dev_0353
acct_1242,dev_0587
acct_1242,dev_0181
acct_1242,dev_0451
acct_1243,dev_0031
acct_1243,dev_0637
acct_1243,dev_0039
acct_1243,dev_0550
acct_1244,dev_0110
acct_1244,dev_0357
acct_1244,dev_0699
acct_1245,dev_0509
acct_1246,dev_0674
acct_1246,dev_0561
acct_1246,dev_0398
acct_1246,dev_0458
acct_1247,dev_0252
acct_1247,dev_0374
acct_1247,dev_0144
acct_1248,dev_0042
acct_1248,dev_0366
acct_1248,dev_0060
acct_1248,dev_0491
acct_1249,dev_0539
acct_1249,dev_0576
acct_1249,dev_0588
acct_1250,dev_0781
acct_1250,dev_0202
acct_1250,dev_0299
acct_1250,dev_0641
acct_1251,dev_0503
acct_1252,dev_0624
acct_1252,dev_0398
acct_1252,dev_0313
acct_1252,dev_0509
acct_1253,dev_0314
acct_1254,dev_0048
acct_1255,dev_0700
acct_1256,dev_0219
acct_1257,dev_0226
acct_1257,dev_0729
acct_1258,dev_0046
acct_1259,dev_0675
acct_1259,dev_0338
acct_1260,dev_0045
acct_1260,dev_0159
acct_1260,dev_0145
acct_1260,dev_0613
acct_1261,dev_0209
acct_1261,dev_0669
acct_1261,dev_0754
acct_1262,dev_0386
acct_1262,dev_0284
acct_1262,dev_0194
acct_1262,dev_0797
acct_1263,dev_0131
acct_1263,dev_0678
acct_1263,dev_0706
acct_1263,dev_0228
acct_1264,dev_0500
acct_1264,dev_0068
acct_1265,dev_0697
acct_1265,dev_0732
acct_1265,dev_0711
acct_1266,dev_0779
acct_1267,dev_0088
acct_1267,dev_0568
acct_1268,dev_0111
acct_1268,dev_0114
acct_1268,dev_0234
acct_1268,dev_0038
acct_1269,dev_0448
acct_1269,dev_0756
acct_1269,dev_0146
acct_1270,dev_0044
acct_1270,dev_0582
acct_1270,dev_0014
acct_1271,dev_0358
acct_1271,dev_0473
acct_1272,dev_0298
acct_1272,dev_0517
acct_1273,dev_0343
acct_1273,dev_0673
acct_1274,dev_0570
acct_1274,dev_0164
acct_1274,dev_0146
acct_1275,dev_0633
acct_1276,dev_0106
acct_1276,dev_0700
acct_1277,dev_0396
acct_1278,dev_0577
acct_1279,dev_0585
acct_1279,dev_0660
acct_1279,dev_0395
acct_1279,dev_0289
acct_1280,dev_0490
acct_1280,dev_0156
acct_1280,dev_0465
acct_1280,dev_0549
acct_1281,dev_0397
acct_1281,dev_0263
acct_1282,dev_0147
acct_1282,dev_0043
acct_1282,dev_0470
acct_1283,dev_0213
acct_1283,dev_0415
acct_1283,dev_0431
acct_1284,dev_0345
acct_1284,dev_0333
acct_1284,dev_0681
acct_1285,dev_0582
acct_1285,dev_0199
acct_1286,dev_0218
acct_1286,dev_0402
acct_1286,dev_0144
acct_1287,dev_0052
acct_1287,dev_0204
acct_1287,dev_0222
acct_1287,dev_0345
acct_1288,dev_0453
acct_1288,dev_0024
acct_1289,dev_0279
acct_1289,dev_0763
acct_1290,dev_0154
acct_1290,dev_0421
acct_1291,dev_0323
acct_1291,dev_0625
acct_1291,dev_0781
acct_1291,dev_0627
acct_1292,dev_0087
acct_1293,dev_0339
acct_1294,dev_0207
acct_1294,dev_0761
acct_1294,dev_0154
acct_1295,dev_0597
acct_1295,dev_0457
acct_1295,dev_0486
acct_1296,dev_0155
acct_1296,dev_0167
acct_1297,dev_0716
acct_1297,dev_0287
acct_1297,dev_0706
acct_1297,dev_0255
acct_1298,dev_0099
acct_1298,dev_0773
acct_1298,dev_0040
acct_1298,dev_0138
acct_1299,dev_0600
acct_1300,dev_0020
acct_1300,dev_0503
acct_1300,dev_0687
acct_1300,dev_0580
acct_1301,dev_0138
acct_1301,dev_0639
acct_1302,dev_0649
acct_1302,dev_0328
acct_1303,dev_0173
acct_1303,dev_0373
acct_1303,dev_0258
acct_1303,dev_0196
acct_1304,dev_0053
acct_1304,dev_0664
acct_1305,dev_0345
acct_1305,dev_0041
acct_1305,dev_0279
acct_1305,dev_0767
acct_1306,dev_0752
acct_1307,dev_0481
acct_1307,dev_0389
acct_1308,dev_0416
acct_1308,dev_0724
acct_1308,dev_0350
acct_1308,dev_0135
acct_1309,dev_0273
acct_1309,dev_0085
acct_1309,dev_0460
acct_1310,dev_0023
acct_1311,dev_0382
acct_1311,dev_0066
acct_1312,dev_0077
acct_1313,dev_0632
acct_1313,dev_0072
acct_1313,dev_0159
acct_1314,dev_0204
acct_1314,dev_0763
acct_1315,dev_0003
acct_1316,dev_0640
acct_1316,dev_0542
acct_1316,dev_0197
acct_1317,dev_0453
acct_1318,dev_0202
acct_1318,dev_0269
acct_1319,dev_0716
acct_1319,dev_0126
acct_1320,dev_0774
acct_1320,dev_0233
acct_1320,dev_0166
acct_1321,dev_0256
acct_1321,dev_0353
acct_1321,dev_0753
acct_1321,dev_0246
acct_1322,dev_0066
acct_1322,dev_0063
acct_1323,dev_0634
acct_1324,dev_0714
acct_1324,dev_0697
acct_1324,dev_0620
acct_1325,dev_0461
acct_1325,dev_0366
acct_1325,dev_0760
acct_1326,dev_0233
acct_1326,dev_0601
acct_1327,dev_0472
acct_1327,dev_0332
acct_1327,dev_0412
acct_1327,dev_0474
acct_1328,dev_0142
acct_1329,dev_0444
acct_1330,dev_0016
acct_1331,dev_0509
acct_1332,dev_0498
acct_1332,dev_0621
acct_1333,dev_0361
acct_1334,dev_0722
acct_1334,dev_0488
acct_1334,dev_0622
acct_1335,dev_0221
acct_1335,dev_0426
acct_1335,dev_0502
acct_1335,dev_0013
acct_1336,dev_0626
acct_1336,dev_0124
acct_1336,dev_0613
acct_1336,dev_0132
acct_1337,dev_0064
acct_1337,dev_0018
acct_1337,dev_0457
acct_1337,dev_0378
acct_1338,dev_0649
acct_1338,dev_0487
acct_1338,dev_0287
acct_1339,dev_0329
acct_1339,dev_0647
acct_1340,dev_0019
acct_1340,dev_0320
acct_1340,dev_0523
acct_1340,dev_0097
acct_1341,dev_0617
acct_1341,dev_0745
acct_1341,dev_0272
acct_1341,dev_0068
acct_1342,dev_0485
acct_1343,dev_0635
acct_1343,dev_0494
acct_1343,dev_0575
acct_1344,dev_0619
acct_1344,dev_0549
acct_1344,dev_0204
acct_1345,dev_0753
acct_1346,dev_0385
acct_1346,dev_0433
acct_1347,dev_0147
acct_1347,dev_0303
acct_1348,dev_0080
acct_1348,dev_0377
acct_1348,dev_0476
acct_1348,dev_0794
acct_1349,dev_0608
acct_1349,dev_0454
acct_1350,dev_0723
acct_1350,dev_0621
acct_1351,dev_0126
acct_1352,dev_0377
acct_1352,dev_0145
acct_1352,dev_0322
acct_1352,dev_0737
acct_1353,dev_0334
acct_1353,dev_0627
acct_1354,dev_0523
acct_1355,dev_0069
acct_1356,dev_0730
acct_1356,dev_0240
acct_1357,dev_0346
acct_1357,dev_0083
acct_1357,dev_0422
acct_1358,dev_0537
acct_1359,dev_0459
acct_1359,dev_0162
acct_1360,dev_0057
acct_1360,dev_0660
acct_1361,dev_0490
acct_1361,dev_0043
acct_1362,dev_0156
acct_1362,dev_0140
acct_1363,dev_0504
acct_1363,dev_0024
acct_1363,dev_0685
acct_1364,dev_0213
acct_1365,dev_0718
acct_1365,dev_0082
acct_1365,dev_0595
acct_1366,dev_0549
acct_1366,dev_0007
acct_1367,dev_0163
acct_1367,dev_0206
acct_1367,dev_0772
acct_1367,dev_0622
acct_1368,dev_0402
acct_1368,dev_0122
acct_1368,dev_0666
acct_1369,dev_0209
acct_1369,dev_0189
acct_1369,dev_0115
acct_1369,dev_0042
acct_1370,dev_0706
acct_1370,dev_0690
acct_1370,dev_0219
acct_1371,dev_0580
acct_1371,dev_0258
acct_1372,dev_0221
acct_1373,dev_0737
acct_1373,dev_0335
acct_1373,dev_0468
acct_1373,dev_0400
acct_1374,dev_0683
acct_1374,dev_0254
acct_1374,dev_0079
acct_1375,dev_0634
acct_1376,dev_0000
acct_1376,dev_0310
acct_1376,dev_0455
acct_1377,dev_0661
acct_1377,dev_0195
acct_1378,dev_0304
acct_1379,dev_0269
acct_1379,dev_0467
acct_1380,dev_0178
acct_1380,dev_0014
acct_1380,dev_0115
acct_1380,dev_0088
acct_1381,dev_0276
acct_1381,dev_0023
acct_1381,dev_0719
acct_1382,dev_0030
acct_1382,dev_0038
acct_1382,dev_0509
acct_1382,dev_0442
acct_1383,dev_0672
acct_1384,dev_0736
acct_1384,dev_0490
acct_1384,dev_0207
acct_1385,dev_0001
acct_1385,dev_0665
acct_1385,dev_0045
acct_1385,dev_0576
acct_1386,dev_0090
acct_1386,dev_0612
acct_1386,dev_0376
acct_1387,dev_0743
acct_1387,dev_0564
acct_1387,dev_0553
acct_1388,dev_0594
acct_1388,dev_0411
acct_1389,dev_0691
acct_1389,dev_0555
acct_1389,dev_0417
acct_1389,dev_0368
acct_1390,dev_0660
acct_1390,dev_0477
acct_1390,dev_0461
acct_1391,dev_0613
acct_1391,dev_0349
acct_1392,dev_0709
acct_1392,dev_0405
acct_1393,dev_0513
acct_1394,dev_0260
acct_1395,dev_0333
acct_1396,dev_0224
acct_1396,dev_0590
acct_1396,dev_0359
acct_1396,dev_0767
acct_1397,dev_0733
acct_1397,dev_0000
acct_1398,dev_0711
acct_1399,dev_0554
acct_1399,dev_0653
acct_1400,dev_0031
acct_1401,dev_0068
acct_1402,dev_0677
acct_1402,dev_0412
acct_1402,dev_0010
acct_1403,dev_0438
acct_1403,dev_0634
acct_1403,dev_0603
acct_1404,dev_0031
acct_1404,dev_0261
acct_1404,dev_0717
acct_1405,dev_0701
acct_1405,dev_0502
acct_1405,dev_0027
acct_1406,dev_0084
acct_1407,dev_0247
acct_1407,dev_0618
acct_1407,dev_0480
acct_1408,dev_0221
acct_1408,dev_0628
acct_1408,dev_0420
acct_1408,dev_0097
acct_1409,dev_0518
acct_1410,dev_0548
acct_1410,dev_0669
acct_1410,dev_0741
acct_1410,dev_0049
acct_1411,dev_0462
acct_1411,dev_0300
acct_1412,dev_0436
acct_1412,dev_0112
acct_1412,dev_0703
acct_1413,dev_0255
acct_1413,dev_0005
acct_1413,dev_0396
acct_1413,dev_0794
acct_1414,dev_0228
acct_1414,dev_0348
acct_1415,dev_0135
acct_1415,dev_0758
acct_1416,dev_0715
acct_1416,dev_0440
acct_1416,dev_0021
acct_1417,dev_0285
acct_1418,dev_0680
acct_1418,dev_0366
acct_1418,dev_0486
acct_1419,dev_0088
acct_1419,dev_0584
acct_1420,dev_0570
acct_1420,dev_0269
acct_1420,dev_0489
acct_1421,dev_0118
acct_1421,dev_0573
acct_1421,dev_0040
acct_1421,dev_0237
acct_1422,dev_0011
acct_1422,dev_0380
acct_1422,dev_0061
acct_1422,dev_0522
acct_1423,dev_0599
acct_1423,dev_0543
acct_1423,dev_0009
acct_1424,dev_0218
acct_1424,dev_0193
acct_1424,dev_0679
acct_1424,dev_0486
acct_1425,dev_0149
acct_1426,dev_0489
acct_1427,dev_0641
acct_1427,dev_0771
acct_1428,dev_0043
acct_1428,dev_0328
acct_1428,dev_0799
acct_1428,dev_0404
acct_1429,dev_0400
acct_1429,dev_0460
acct_1429,dev_0620
acct_1430,dev_0661
acct_1430,dev_0773
acct_1430,dev_0650
acct_1430,dev_0161
acct_1431,dev_0443
acct_1432,dev_0721
acct_1433,dev_0287
acct_1433,dev_0475
acct_1433,dev_0665
acct_1433,dev_0349
acct_1434,dev_0523
acct_1434,dev_0499
acct_1434,dev_0395
acct_1434,dev_0775
acct_1435,dev_0350
acct_1435,dev_0545
acct_1435,dev_0529
acct_1435,dev_0631
acct_1436,dev_0277
acct_1436,dev_0295
acct_1436,dev_0608
acct_1437,dev_0579
acct_1437,dev_0195
acct_1438,dev_0285
acct_1438,dev_0270
acct_1438,dev_0612
acct_1438,dev_0434
acct_1439,dev_0729
acct_1439,dev_0555
acct_1439,dev_0566
acct_1440,dev_0120
acct_1440,dev_0741
acct_1441,dev_0383
acct_1441,dev_0251
acct_1441,dev_0401
acct_1441,dev_0495
acct_1442,dev_0260
acct_1442,dev_0620
acct_1443,dev_0563
acct_1443,dev_0402
acct_1443,dev_0003
acct_1443,dev_0068
acct_1444,dev_0523
acct_1444,dev_0581
acct_1444,dev_0430
acct_1445,dev_0609
acct_1445,dev_0110
acct_1445,dev_0487
acct_1445,dev_0447
acct_1446,dev_0778
acct_1446,dev_0055
acct_1446,dev_0042
acct_1447,dev_0130
acct_1447,dev_0098
acct_1447,dev_0760
acct_1448,dev_0345
acct_1449,dev_0633
acct_1449,dev_0618
acct_1450,dev_0566
acct_1451,dev_0164
acct_1452,dev_0497
acct_1452,dev_0127
acct_1452,dev_0097
acct_1453,dev_0624
acct_1453,dev_0169
acct_1453,dev_0177
acct_1453,dev_0225
acct_1454,dev_0445
acct_1454,dev_0593
acct_1454,dev_0614
acct_1455,dev_0418
acct_1456,dev_0210
acct_1456,dev_0689
acct_1456,dev_0503
acct_1457,dev_0452
acct_1457,dev_0621
acct_1457,dev_0210
acct_1457,dev_0381
acct_1458,dev_0212
acct_1458,dev_0223
acct_1458,dev_0321
acct_1458,dev_0361
acct_1459,dev_0024
acct_1459,dev_0702
acct_1459,dev_0576
acct_1459,dev_0249
acct_1460,dev_0398
acct_1461,dev_0741
acct_1461,dev_0456
acct_1461,dev_0434
acct_1461,dev_0091
acct_1462,dev_0490
acct_1462,dev_0161
acct_1462,dev_0172
acct_1463,dev_0037
acct_1463,dev_0390
acct_1464,dev_0094
acct_1464,dev_0630
acct_1465,dev_0463
acct_1465,dev_0152
acct_1465,dev_0300
acct_1466,dev_0234
acct_1466,dev_0419
acct_1467,dev_0635
acct_1468,dev_0295
acct_1468,dev_0561
acct_1469,dev_0617
acct_1469,dev_0729
acct_1470,dev_0275
acct_1471,dev_0566
acct_1471,dev_0779
acct_1471,dev_0377
acct_1471,dev_0740
acct_1472,dev_0251
acct_1472,dev_0008
acct_1473,dev_0512
acct_1474,dev_0049
acct_1474,dev_0480
acct_1475,dev_0587
acct_1475,dev_0285
acct_1475,dev_0473
acct_1476,dev_0730
acct_1477,dev_0139
acct_1477,dev_0000
acct_1477,dev_0294
acct_1477,dev_0471
acct_1478,dev_0662
acct_1478,dev_0532
acct_1478,dev_0362
acct_1478,dev_0620
acct_1479,dev_0129
acct_1479,dev_0037
acct_1479,dev_0211
acct_1479,dev_0075
acct_1480,dev_0306
acct_1480,dev_0382
acct_1480,dev_0024
acct_1480,dev_0322
acct_1481,dev_0460
acct_1481,dev_0604
acct_1482,dev_0016
acct_1482,dev_0232
acct_1483,dev_0380
acct_1483,dev_0209
acct_1483,dev_0474
acct_1483,dev_0133
acct_1484,dev_0054
acct_1484,dev_0358
acct_1484,dev_0476
acct_1485,dev_0041
acct_1485,dev_0490
acct_1485,dev_0069
acct_1485,dev_0360
acct_1486,dev_0103
acct_1487,dev_0521
acct_1488,dev_0413
acct_1488,dev_0342
acct_1488,dev_0627
acct_1488,dev_0471
acct_1489,dev_0448
acct_1490,dev_0157
acct_1491,dev_0095
acct_1491,dev_0631
acct_1492,dev_0012
acct_1492,dev_0136
acct_1492,dev_0199
acct_1493,dev_0215
acct_1493,dev_0000
acct_1493,dev_0067
acct_1494,dev_0067
acct_1494,dev_0224
acct_1494,dev_0479
acct_1494,dev_0169
acct_1495,dev_0480
acct_1495,dev_0264
acct_1495,dev_0590
acct_1496,dev_0608
acct_1496,dev_0796
acct_1496,dev_0251
acct_1497,dev_0336
acct_1497,dev_0521
acct_1497,dev_0307
acct_1498,dev_0568
acct_1498,dev_0228
acct_1499,dev_0100
acct_1499,dev_0714
acct_1500,dev_0306
acct_1500,dev_0083
acct_1500,dev_0248
acct_1501,dev_0058
acct_1501,dev_0446
acct_1501,dev_0415
acct_1502,dev_0121
acct_1502,dev_0315
acct_1502,dev_0241
acct_1503,dev_0293
acct_1503,dev_0249
acct_1504,dev_0607
acct_1504,dev_0385
acct_1504,dev_0084
acct_1505,dev_0153
acct_1506,dev_0181
acct_1506,dev_0033
acct_1506,dev_0136
acct_1506,dev_0298
acct_1507,dev_0317
acct_1507,dev_0338
acct_1508,dev_0040
acct_1509,dev_0400
acct_1509,dev_0502
acct_1510,dev_0630
acct_1510,dev_0538
acct_1510,dev_0073
acct_1511,dev_0161
acct_1511,dev_0658
acct_1511,dev_0794
acct_1512,dev_0705
acct_1512,dev_0290
acct_1513,dev_0680
acct_1513,dev_0166
acct_1513,dev_0711
acct_1514,dev_0428
acct_1514,dev_0240
acct_1514,dev_0316
acct_1514,dev_0682
acct_1515,dev_0037
acct_1515,dev_0081
acct_1516,dev_0459
acct_1517,dev_0704
acct_1517,dev_0327
acct_1517,dev_0593
acct_1518,dev_0659
acct_1519,dev_0400
acct_1519,dev_0196
acct_1520,dev_0398
acct_1520,dev_0191
acct_1520,dev_0509
acct_1521,dev_0763
acct_1521,dev_0724
acct_1521,dev_0432
acct_1522,dev_0256
acct_1522,dev_0425
acct_1523,dev_0151
acct_1523,dev_0043
acct_1523,dev_0143
acct_1524,dev_0207
acct_1524,dev_0738
acct_1524,dev_0184
acct_1525,dev_0345
acct_1525,dev_0002
acct_1525,dev_0107
acct_1526,dev_0543
acct_1526,dev_0400
acct_1526,dev_0541
acct_1527,dev_0551
acct_1527,dev_0773
acct_1527,dev_0467
acct_1528,dev_0417
acct_1529,dev_0474
acct_1529,dev_0623
acct_1529,dev_0585
acct_1529,dev_0236
acct_1530,dev_0234
acct_1531,dev_0041
acct_1531,dev_0227
acct_1532,dev_0280
acct_1533,dev_0546
acct_1533,dev_0677
acct_1534,dev_0181
acct_1534,dev_0558
acct_1534,dev_0671
acct_1535,dev_0662
acct_1535,dev_0251
acct_1535,dev_0491
acct_1536,dev_0173
acct_1536,dev_0673
acct_1536,dev_0299
acct_1537,dev_0370
acct_1537,dev_0099
acct_1538,dev_0078
acct_1539,dev_0067
acct_1539,dev_0797
acct_1540,dev_0512
acct_1541,dev_0364
acct_1542,dev_0193
acct_1542,dev_0558
acct_1542,dev_0256
acct_1542,dev_0742
acct_1543,dev_0149
acct_1543,dev_0350
acct_1544,dev_0775
acct_1544,dev_0646
acct_1544,dev_0359
acct_1544,dev_0030
acct_1545,dev_0217
acct_1545,dev_0171
acct_1545,dev_0194
acct_1545,dev_0635
acct_1546,dev_0396
acct_1546,dev_0329
acct_1546,dev_0657
acct_1546,dev_0377
acct_1547,dev_0003
acct_1547,dev_0584
acct_1548,dev_0322
acct_1549,dev_0607
acct_1550,dev_0122
acct_1550,dev_0639
acct_1550,dev_0033
acct_1551,dev_0300
acct_1551,dev_0039
acct_1551,dev_0109
acct_1551,dev_0056
acct_1552,dev_0348
acct_1552,dev_0421
acct_1552,dev_0076
acct_1553,dev_0416
acct_1553,dev_0023
acct_1553,dev_0026
acct_1554,dev_0537
acct_1554,dev_0617
acct_1555,dev_0270
acct_1556,dev_0596
acct_1556,dev_0080
acct_1557,dev_0729
acct_1558,dev_0770
acct_1558,dev_0041
acct_1558,dev_0319
acct_1558,dev_0430
acct_1559,dev_0140
acct_1560,dev_0109
acct_1561,dev_0270
acct_1562,dev_0172
acct_1562,dev_0189
acct_1562,dev_0664
acct_1563,dev_0746
acct_1563,dev_0725
acct_1564,dev_0005
acct_1564,dev_0697
acct_1564,dev_0535
acct_1564,dev_0279
acct_1565,dev_0440
acct_1566,dev_0352
acct_1566,dev_0139
acct_1566,dev_0414
acct_1567,dev_0723
acct_1568,dev_0764
acct_1568,dev_0259
acct_1569,dev_0687
acct_1570,dev_0762
acct_1570,dev_0047
acct_1571,dev_0283
acct_1571,dev_0115
acct_1572,dev_0712
acct_1573,dev_0211
acct_1573,dev_0457
acct_1573,dev_0147
acct_1574,dev_0387
acct_1574,dev_0675
acct_1574,dev_0531
acct_1574,dev_0696
acct_1575,dev_0361
acct_1575,dev_0192
acct_1575,dev_0681
acct_1575,dev_0678
acct_1576,dev_0447
acct_1576,dev_0050
acct_1576,dev_0258
acct_1577,dev_0062
acct_1577,dev_0061
acct_1578,dev_0144
acct_1578,dev_0290
acct_1578,dev_0286
acct_1579,dev_0600
acct_1580,dev_0488
acct_1580,dev_0399
acct_1580,dev_0276
acct_1581,dev_0017
acct_1581,dev_0799
acct_1582,dev_0112
acct_1582,dev_0274
acct_1583,dev_0764
acct_1583,dev_0413
acct_1583,dev_0020
acct_1584,dev_0247
acct_1585,dev_0642
acct_1585,dev_0508
acct_1586,dev_0335
acct_1587,dev_0111
acct_1587,dev_0750
acct_1588,dev_0643
acct_1588,dev_0411
acct_1589,dev_0250
acct_1589,dev_0332
acct_1590,dev_0777
acct_1590,dev_0246
acct_1590,dev_0545
acct_1590,dev_0341
acct_1591,dev_0105
acct_1592,dev_0209
acct_1593,dev_0735
acct_1593,dev_0138
acct_1593,dev_0226
acct_1593,dev_0755
acct_1594,dev_0262
acct_1595,dev_0658
acct_1595,dev_0602
acct_1595,dev_0460
acct_1596,dev_0626
acct_1596,dev_0121
acct_1597,dev_0045
acct_1597,dev_0487
acct_1598,dev_0221
acct_1598,dev_0421
acct_1598,dev_0338
acct_1598,dev_0102
acct_1599,dev_0589
acct_1599,dev_0284
acct_1600,dev_0365
acct_1600,dev_0771
acct_1600,dev_0463
acct_1601,dev_0683
acct_1602,dev_0750
acct_1603,dev_0302
acct_1603,dev_0471
acct_1604,dev_0032
acct_1604,dev_0120
acct_1605,dev_0157
acct_1605,dev_0704
acct_1605,dev_0064
acct_1605,dev_0162
acct_1606,dev_0700
acct_1606,dev_0430
acct_1607,dev_0216
acct_1607,dev_0074
acct_1608,dev_0716
acct_1608,dev_0170
acct_1609,dev_0463
acct_1609,dev_0161
acct_1609,dev_0608
acct_1610,dev_0285
acct_1610,dev_0323
acct_1610,dev_0266
acct_1610,dev_0620
acct_1611,dev_0384
acct_1611,dev_0791
acct_1611,dev_0548
acct_1612,dev_0235
acct_1613,dev_0665
acct_1613,dev_0594
acct_1613,dev_0729
acct_1613,dev_0755
acct_1614,dev_0129
acct_1614,dev_0246
acct_1615,dev_0247
acct_1616,dev_0265
acct_1617,dev_0045
acct_1617,dev_0437
acct_1618,dev_0639
acct_1618,dev_0452
acct_1619,dev_0755
acct_1620,dev_0030
acct_1620,dev_0033
acct_1620,dev_0783
acct_1621,dev_0740
acct_1622,dev_0775
acct_1622,dev_0760
acct_1623,dev_0492
acct_1623,dev_0100
acct_1624,dev_0361
acct_1624,dev_0320
acct_1625,dev_0087
acct_1625,dev_0558
acct_1626,dev_0502
acct_1626,dev_0534
acct_1626,dev_0786
acct_1627,dev_0513
acct_1627,dev_0636
acct_1627,dev_0043
acct_1628,dev_0478
acct_1628,dev_0026
acct_1628,dev_0045
acct_1628,dev_0613
acct_1629,dev_0251
acct_1629,dev_0386
acct_1629,dev_0353
acct_1630,dev_0414
acct_1630,dev_0386
acct_1631,dev_0275
acct_1631,dev_0523
acct_1632,dev_0374
acct_1633,dev_0565
acct_1634,dev_0212
acct_1634,dev_0246
acct_1634,dev_0420
acct_1634,dev_0616
acct_1635,dev_0062
acct_1636,dev_0569
acct_1637,dev_0659
acct_1637,dev_0181
acct_1637,dev_0560
acct_1638,dev_0541
acct_1638,dev_0663
acct_1639,dev_0158
acct_1639,dev_0689
acct_1640,dev_0633
acct_1640,dev_0694
acct_1640,dev_0302
acct_1640,dev_0743
acct_1641,dev_0417
acct_1641,dev_0304
acct_1641,dev_0162
acct_1642,dev_0774
acct_1642,dev_0734
acct_1642,dev_0133
acct_1642,dev_0377
acct_1643,dev_0041
acct_1643,dev_0399
acct_1643,dev_0298
acct_1643,dev_0646
acct_1644,dev_0191
acct_1645,dev_0300
acct_1645,dev_0196
acct_1646,dev_0315
acct_1646,dev_0421
acct_1646,dev_0286
acct_1646,dev_0297
acct_1647,dev_0377
acct_1648,dev_0282
acct_1648,dev_0339
acct_1649,dev_0038
acct_1649,dev_0296
acct_1649,dev_0703
acct_1650,dev_0221
acct_1650,dev_0213
acct_1651,dev_0725
acct_1651,dev_0125
acct_1651,dev_0404
acct_1652,dev_0728
acct_1653,dev_0246
acct_1653,dev_0607
acct_1654,dev_0137
acct_1654,dev_0414
acct_1655,dev_0740
acct_1656,dev_0776
acct_1656,dev_0335
acct_1656,dev_0398
acct_1656,dev_0097
acct_1657,dev_0010
acct_1658,dev_0600
acct_1659,dev_0114
acct_1659,dev_0562
acct_1659,dev_0130
acct_1659,dev_0611
acct_1660,dev_0341
acct_1660,dev_0483
acct_1660,dev_0652
acct_1660,dev_0719
acct_1661,dev_0635
acct_1662,dev_0137
acct_1662,dev_0059
acct_1662,dev_0078
acct_1663,dev_0111
acct_1663,dev_0552
acct_1663,dev_0299
acct_1664,dev_0351
acct_1664,dev_0027
acct_1664,dev_0600
acct_1664,dev_0142
acct_1665,dev_0075
acct_1665,dev_0245
acct_1666,dev_0261
acct_1667,dev_0765
acct_1667,dev_0043
acct_1667,dev_0375
acct_1667,dev_0645
acct_1668,dev_0404
acct_1668,dev_0438
acct_1668,dev_0445
acct_1668,dev_0761
acct_1669,dev_0119
acct_1670,dev_0197
acct_1671,dev_0369
acct_1671,dev_0399
acct_1672,dev_0074
acct_1672,dev_0328
acct_1672,dev_0763
acct_1672,dev_0217
acct_1673,dev_0260
acct_1673,dev_0348
acct_1674,dev_0446
acct_1674,dev_0585
acct_1675,dev_0434
acct_1675,dev_0781
acct_1675,dev_0574
acct_1675,dev_0659
acct_1676,dev_0297
acct_1676,dev_0767
acct_1676,dev_0041
acct_1677,dev_0540
acct_1678,dev_0417
acct_1678,dev_0047
acct_1679,dev_0054
acct_1680,dev_0620
acct_1681,dev_0296
acct_1682,dev_0261
acct_1682,dev_0596
acct_1682,dev_0169
acct_1682,dev_0412
acct_1683,dev_0091
acct_1683,dev_0534
acct_1683,dev_0302
acct_1683,dev_0148
acct_1684,dev_0338
acct_1684,dev_0578
acct_1685,dev_0583
acct_1685,dev_0633
acct_1685,dev_0199
acct_1686,dev_0301
acct_1686,dev_0799
acct_1687,dev_0417
acct_1688,dev_0407
acct_1688,dev_0655
acct_1689,dev_0031
acct_1689,dev_0657
acct_1689,dev_0452
acct_1689,dev_0178
acct_1690,dev_0532
acct_1690,dev_0621
acct_1691,dev_0532
acct_1691,dev_0141
acct_1692,dev_0352
acct_1693,dev_0562
acct_1694,dev_0444
acct_1694,dev_0676
acct_1695,dev_0352
acct_1695,dev_0416
acct_1695,dev_0645
acct_1695,dev_0074
acct_1696,dev_0100
acct_1696,dev_0688
acct_1696,dev_0702
acct_1696,dev_0149
acct_1697,dev_0768
acct_1697,dev_0123
acct_1697,dev_0257
acct_1698,dev_0246
acct_1698,dev_0601
acct_1699,dev_0168
acct_1700,dev_0398
acct_1700,dev_0064
acct_1700,dev_0056
acct_1700,dev_0119
acct_1701,dev_0626
acct_1701,dev_0342
acct_1702,dev_0384
acct_1703,dev_0644
acct_1703,dev_0621
acct_1703,dev_0074
acct_1704,dev_0644
acct_1704,dev_0534
acct_1705,dev_0642
acct_1705,dev_0147
acct_1705,dev_0051
acct_1705,dev_0747
acct_1706,dev_0451
acct_1706,dev_0453
acct_1706,dev_0613
acct_1706,dev_0288
acct_1707,dev_0781
acct_1707,dev_0421
acct_1707,dev_0687
acct_1707,dev_0133
acct_1708,dev_0763
acct_1709,dev_0787
acct_1710,dev_0068
acct_1710,dev_0199
acct_1710,dev_0203
acct_1711,dev_0321
acct_1711,dev_0366
acct_1712,dev_0111
acct_1712,dev_0478
acct_1712,dev_0557
acct_1712,dev_0081
acct_1713,dev_0000
acct_1713,dev_0388
acct_1714,dev_0243
acct_1714,dev_0525
acct_1714,dev_0685
acct_1714,dev_0325
acct_1715,dev_0385
acct_1715,dev_0124
acct_1715,dev_0194
acct_1716,dev_0314
acct_1716,dev_0270
acct_1716,dev_0606
acct_1717,dev_0048
acct_1717,dev_0144
acct_1717,dev_0405
acct_1718,dev_0291
acct_1718,dev_0054
acct_1718,dev_0242
acct_1719,dev_0145
acct_1720,dev_0165
acct_1721,dev_0104
acct_1721,dev_0643
acct_1722,dev_0175
acct_1722,dev_0586
acct_1722,dev_0559
acct_1722,dev_0348
acct_1723,dev_0117
acct_1723,dev_0527
acct_1724,dev_0346
acct_1725,dev_0504
acct_1726,dev_0412
acct_1727,dev_0373
acct_1728,dev_0086
acct_1728,dev_0674
acct_1729,dev_0335
acct_1729,dev_0690
acct_1729,dev_0163
acct_1730,dev_0015
acct_1730,dev_0795
acct_1730,dev_0343
acct_1731,dev_0535
acct_1732,dev_0581
acct_1732,dev_0407
acct_1732,dev_0467
acct_1733,dev_0240
acct_1733,dev_0440
acct_1733,dev_0638
acct_1734,dev_0338
acct_1735,dev_0736
acct_1735,dev_0612
acct_1735,dev_0733
acct_1735,dev_0708
acct_1736,dev_0753
acct_1736,dev_0624
acct_1736,dev_0524
acct_1737,dev_0462
acct_1737,dev_0641
acct_1737,dev_0558
acct_1738,dev_0240
acct_1738,dev_0557
acct_1739,dev_0026
acct_1739,dev_0630
acct_1740,dev_0506
acct_1740,dev_0625
acct_1740,dev_0544
acct_1740,dev_0504
acct_1741,dev_0735
acct_1741,dev_0157
acct_1741,dev_0132
acct_1741,dev_0327
acct_1742,dev_0697
acct_1742,dev_0536
acct_1742,dev_0000
acct_1743,dev_0030
acct_1743,dev_0679
acct_1743,dev_0369
acct_1744,dev_0689
acct_1745,dev_0797
acct_1745,dev_0764
acct_1746,dev_0471
acct_1746,dev_0607
acct_1746,dev_0403
acct_1746,dev_0200
acct_1747,dev_0649
acct_1747,dev_0136
acct_1748,dev_0348
acct_1749,dev_0739
acct_1749,dev_0494
acct_1749,dev_0182
acct_1750,dev_0603
acct_1750,dev_0226
acct_1750,dev_0711
acct_1750,dev_0227
acct_1751,dev_0573
acct_1752,dev_0395
acct_1752,dev_0572
acct_1752,dev_0332
acct_1753,dev_0791
acct_1753,dev_0696
acct_1753,dev_0294
acct_1753,dev_0267
acct_1754,dev_0691
acct_1755,dev_0613
acct_1755,dev_0495
acct_1755,dev_0168
acct_1755,dev_0048
acct_1756,dev_0275
acct_1756,dev_0038
acct_1757,dev_0314
acct_1757,dev_0090
acct_1757,dev_0333
acct_1757,dev_0300
acct_1758,dev_0746
acct_1758,dev_0177
acct_1759,dev_0243
acct_1760,dev_0153
acct_1760,dev_0713
acct_1760,dev_0658
acct_1761,dev_0036
acct_1762,dev_0712
acct_1763,dev_0369
acct_1763,dev_0132
acct_1763,dev_0240
acct_1764,dev_0570
acct_1764,dev_0794
acct_1764,dev_0438
acct_1765,dev_0551
acct_1765,dev_0452
acct_1765,dev_0286
acct_1765,dev_0305
acct_1766,dev_0522
acct_1766,dev_0345
acct_1766,dev_0758
acct_1767,dev_0324
acct_1767,dev_0729
acct_1767,dev_0628
acct_1768,dev_0084
acct_1769,dev_0043
acct_1770,dev_0600
acct_1770,dev_0662
acct_1771,dev_0333
acct_1772,dev_0492
acct_1772,dev_0034
acct_1772,dev_0534
acct_1773,dev_0698
acct_1773,dev_0102
acct_1774,dev_0395
acct_1774,dev_0600
acct_1774,dev_0634
acct_1774,dev_0733
acct_1775,dev_0736
acct_1775,dev_0299
acct_1775,dev_0658
acct_1775,dev_0423
acct_1776,dev_0377
acct_1776,dev_0294
acct_1777,dev_0724
acct_1777,dev_0556
acct_1778,dev_0129
acct_1779,dev_0639
acct_1779,dev_0094
acct_1779,dev_0060
acct_1780,dev_0501
acct_1780,dev_0163
acct_1780,dev_0208
acct_1781,dev_0413
acct_1781,dev_0531
acct_1781,dev_0723
acct_1781,dev_0089
acct_1782,dev_0266
acct_1782,dev_0764
acct_1782,dev_0371
acct_1783,dev_0333
acct_1784,dev_0391
acct_1784,dev_0673
acct_1784,dev_0567
acct_1784,dev_0246
acct_1785,dev_0735
acct_1785,dev_0450
acct_1786,dev_0468
acct_1787,dev_0578
acct_1787,dev_0671
acct_1788,dev_0158
acct_1788,dev_0590
acct_1789,dev_0750
acct_1790,dev_0242
acct_1790,dev_0170
acct_1791,dev_0327
acct_1791,dev_0569
acct_1792,dev_0754
acct_1792,dev_0761
acct_1792,dev_0504
acct_1792,dev_0224
acct_1793,dev_0584
acct_1794,dev_0625
acct_1794,dev_0732
acct_1794,dev_0742
acct_1794,dev_0119
acct_1795,dev_0191
acct_1796,dev_0339
acct_1797,dev_0736
acct_1797,dev_0115
acct_1797,dev_0219
acct_1797,dev_0502
acct_1798,dev_0133
acct_1798,dev_0152
acct_1799,dev_0406
acct_1799,dev_0746
acct_1799,dev_0743
acct_1800,dev_0038
acct_1800,dev_0045
acct_1801,dev_0357
acct_1801,dev_0700
acct_1801,dev_0215
acct_1801,dev_0709
acct_1802,dev_0062
acct_1802,dev_0768
acct_1802,dev_0787
acct_1802,dev_0041
acct_1803,dev_0397
acct_1803,dev_0660
acct_1804,dev_0112
acct_1804,dev_0471
acct_1804,dev_0068
acct_1805,dev_0023
acct_1806,dev_0679
acct_1806,dev_0024
acct_1806,dev_0094
acct_1807,dev_0058
acct_1807,dev_0626
acct_1808,dev_0084
acct_1808,dev_0215
acct_1808,dev_0703
acct_1808,dev_0607
acct_1809,dev_0749
acct_1809,dev_0155
acct_1810,dev_0703
acct_1811,dev_0118
acct_1812,dev_0132
acct_1813,dev_0457
acct_1814,dev_0254
acct_1814,dev_0202
acct_1814,dev_0637
acct_1814,dev_0764
acct_1815,dev_0441
acct_1815,dev_0389
acct_1816,dev_0466
acct_1816,dev_0666
acct_1817,dev_0180
acct_1817,dev_0102
acct_1817,dev_0092
acct_1818,dev_0345
acct_1818,dev_0008
acct_1819,dev_0017
acct_1819,dev_0605
acct_1820,dev_0067
acct_1820,dev_0759
acct_1820,dev_0753
acct_1820,dev_0670
acct_1821,dev_0131
acct_1821,dev_0797
acct_1821,dev_0711
acct_1822,dev_0282
acct_1822,dev_0195
acct_1823,dev_0314
acct_1823,dev_0780
acct_1823,dev_0133
acct_1823,dev_0217
acct_1824,dev_0760
acct_1825,dev_0432
acct_1826,dev_0490
acct_1826,dev_0236
acct_1827,dev_0441
acct_1828,dev_0543
acct_1828,dev_0665
acct_1828,dev_0109
acct_1829,dev_0227
acct_1830,dev_0630
acct_1831,dev_0377
acct_1831,dev_0433
acct_1831,dev_0315
acct_1831,dev_0637
acct_1832,dev_0380
acct_1832,dev_0291
acct_1832,dev_0435
acct_1833,dev_0140
acct_1834,dev_0568
acct_1835,dev_0039
acct_1836,dev_0102
acct_1836,dev_0460
acct_1837,dev_0557
acct_1838,dev_0458
acct_1838,dev_0109
acct_1838,dev_0151
acct_1839,dev_0721
acct_1839,dev_0062
acct_1839,dev_0474
acct_1840,dev_0418
acct_1841,dev_0340
acct_1841,dev_0081
acct_1842,dev_0503
acct_1842,dev_0307
acct_1842,dev_0204
acct_1843,dev_0186
acct_1843,dev_0357
acct_1843,dev_0544
acct_1843,dev_0540
acct_1844,dev_0508
acct_1844,dev_0030
acct_1844,dev_0209
acct_1845,dev_0203
acct_1845,dev_0687
acct_1845,dev_0795
acct_1846,dev_0260
acct_1846,dev_0447
acct_1846,dev_0403
acct_1846,dev_0152
acct_1847,dev_0537
acct_1848,dev_0058
acct_1849,dev_0338
acct_1849,dev_0641
acct_1849,dev_0603
acct_1850,dev_0051
acct_1851,dev_0766
acct_1852,dev_0732
acct_1853,dev_0324
acct_1854,dev_0603
acct_1855,dev_0663
acct_1855,dev_0066
acct_1856,dev_0424
acct_1857,dev_0101
acct_1857,dev_0152
acct_1857,dev_0221
acct_1857,dev_0496
acct_1858,dev_0254
acct_1858,dev_0238
acct_1858,dev_0178
acct_1859,dev_0596
acct_1859,dev_0582
acct_1859,dev_0116
acct_1860,dev_0676
acct_1860,dev_0142
acct_1860,dev_0026
acct_1860,dev_0219
acct_1861,dev_0108
acct_1861,dev_0091
acct_1862,dev_0240
acct_1863,dev_0150
acct_1863,dev_0114
acct_1863,dev_0085
acct_1863,dev_0455
acct_1864,dev_0677
acct_1864,dev_0520
acct_1864,dev_0031
acct_1865,dev_0266
acct_1865,dev_0311
acct_1865,dev_0547
acct_1865,dev_0141
acct_1866,dev_0534
acct_1866,dev_0525
acct_1866,dev_0755
acct_1867,dev_0448
acct_1867,dev_0011
acct_1867,dev_0552
acct_1868,dev_0428
acct_1869,dev_0389
acct_1869,dev_0576
acct_1870,dev_0093
acct_1870,dev_0782
acct_1870,dev_0663
acct_1870,dev_0684
acct_1871,dev_0690
acct_1871,dev_0604
acct_1871,dev_0276
acct_1871,dev_0169
acct_1872,dev_0592
acct_1872,dev_0686
acct_1872,dev_0488
acct_1872,dev_0680
acct_1873,dev_0234
acct_1873,dev_0730
acct_1873,dev_0120
acct_1874,dev_0437
acct_1874,dev_0045
acct_1874,dev_0506
acct_1875,dev_0341
acct_1875,dev_0740
acct_1876,dev_0186
acct_1876,dev_0299
acct_1876,dev_0655
acct_1876,dev_0046
acct_1877,dev_0626
acct_1877,dev_0439
acct_1877,dev_0026
acct_1878,dev_0454
acct_1879,dev_0104
acct_1879,dev_0395
acct_1879,dev_0145
acct_1880,dev_0645
acct_1880,dev_0416
acct_1881,dev_0272
acct_1881,dev_0547
acct_1882,dev_0140
acct_1882,dev_0264
acct_1882,dev_0404
acct_1882,dev_0491
acct_1883,dev_0435
acct_1884,dev_0075
acct_1884,dev_0219
acct_1884,dev_0115
acct_1885,dev_0731
acct_1885,dev_0417
acct_1886,dev_0736
acct_1886,dev_0417
acct_1886,dev_0000
acct_1886,dev_0349
acct_1887,dev_0328
acct_1887,dev_0569
acct_1887,dev_0523
acct_1888,dev_0169
acct_1889,dev_0127
acct_1889,dev_0631
acct_1889,dev_0099
acct_1890,dev_0580
acct_1891,dev_0790
acct_1892,dev_0559
acct_1893,dev_0099
acct_1893,dev_0278
acct_1894,dev_0529
acct_1894,dev_0107
acct_1894,dev_0231
acct_1894,dev_0334
acct_1895,dev_0559
acct_1895,dev_0432
acct_1895,dev_0631
acct_1896,dev_0319
acct_1896,dev_0518
acct_1896,dev_0390
acct_1896,dev_0580
acct_1897,dev_0321
acct_1897,dev_0675
acct_1897,dev_0050
acct_1898,dev_0739
acct_1898,dev_0613
acct_1899,dev_0713
acct_1899,dev_0390
acct_1900,dev_0485
acct_1901,dev_0232
acct_1902,dev_0102
acct_1902,dev_0527
acct_1903,dev_0007
acct_1903,dev_0050
acct_1903,dev_0025
acct_1903,dev_0608
acct_1904,dev_0183
acct_1904,dev_0048
acct_1904,dev_0300
acct_1905,dev_0420
acct_1905,dev_0051
acct_1905,dev_0334
acct_1905,dev_0446
acct_1906,dev_0372
acct_1906,dev_0501
acct_1906,dev_0774
acct_1906,dev_0453
acct_1907,dev_0786
acct_1907,dev_0326
acct_1907,dev_0226
acct_1908,dev_0248
acct_1908,dev_0378
acct_1909,dev_0788
acct_1909,dev_0428
acct_1910,dev_0618
acct_1910,dev_0622
acct_1910,dev_0355
acct_1911,dev_0164
acct_1911,dev_0191
acct_1911,dev_0121
acct_1911,dev_0179
acct_1912,dev_0438
acct_1912,dev_0489
acct_1912,dev_0710
acct_1912,dev_0672
acct_1913,dev_0399
acct_1914,dev_0287
acct_1914,dev_0726
acct_1915,dev_0546
acct_1915,dev_0529
acct_1915,dev_0654
acct_1916,dev_0602
acct_1916,dev_0528
acct_1916,dev_0405
acct_1916,dev_0492
acct_1917,dev_0454
acct_1917,dev_0013
acct_1917,dev_0279
acct_1918,dev_0077
acct_1918,dev_0150
acct_1918,dev_0747
acct_1918,dev_0113
acct_1919,dev_0234
acct_1919,dev_0753
acct_1919,dev_0777
acct_1920,dev_0770
acct_1920,dev_0545
acct_1920,dev_0049
acct_1920,dev_0472
acct_1921,dev_0317
acct_1921,dev_0130
acct_1922,dev_0515
acct_1922,dev_0332
acct_1923,dev_0260
acct_1923,dev_0312
acct_1923,dev_0668
acct_1923,dev_0376
acct_1924,dev_0078
acct_1924,dev_0114
acct_1925,dev_0292
acct_1925,dev_0788
acct_1925,dev_0550
acct_1925,dev_0629
acct_1926,dev_0248
acct_1926,dev_0680
acct_1927,dev_0568
acct_1927,dev_0551
acct_1928,dev_0670
acct_1929,dev_0252
acct_1929,dev_0042
acct_1929,dev_0261
acct_1929,dev_0336
acct_1930,dev_0332
acct_1930,dev_0736
acct_1931,dev_0312
acct_1931,dev_0012
acct_1932,dev_0732
acct_1933,dev_0435
acct_1934,dev_0267
acct_1934,dev_0268
acct_1934,dev_0437
acct_1935,dev_0704
acct_1935,dev_0067
acct_1935,dev_0486
acct_1936,dev_0657
acct_1937,dev_0514
acct_1937,dev_0524
acct_1937,dev_0676
acct_1937,dev_0261
acct_1938,dev_0782
acct_1938,dev_0707
acct_1939,dev_0592
acct_1939,dev_0719
acct_1939,dev_0136
acct_1939,dev_0490
acct_1940,dev_0697
acct_1940,dev_0140
acct_1940,dev_0259
acct_1940,dev_0385
acct_1941,dev_0727
acct_1941,dev_0258
acct_1941,dev_0179
acct_1941,dev_0274
acct_1942,dev_0606
acct_1942,dev_0460
acct_1943,dev_0154
acct_1944,dev_0401
acct_1945,dev_0728
acct_1946,dev_0119
acct_1947,dev_0002
acct_1947,dev_0016
acct_1948,dev_0444
acct_1948,dev_0388
acct_1948,dev_0117
acct_1948,dev_0046
acct_1949,dev_0732
acct_1949,dev_0395
acct_1949,dev_0124
acct_1949,dev_0011
acct_1950,dev_0392
acct_1950,dev_0095
acct_1950,dev_0295
acct_1951,dev_0326
acct_1951,dev_0665
acct_1951,dev_0249
acct_1952,dev_0494
acct_1953,dev_0316
acct_1953,dev_0418
acct_1953,dev_0602
acct_1954,dev_0468
acct_1955,dev_0760
acct_1955,dev_0602
acct_1955,dev_0388
acct_1956,dev_0684
acct_1956,dev_0399
acct_1956,dev_0432
acct_1956,dev_0275
acct_1957,dev_0379
acct_1957,dev_0306
acct_1957,dev_0088
acct_1957,dev_0725
acct_1958,dev_0457
acct_1959,dev_0042
acct_1959,dev_0535
acct_1959,dev_0629
acct_1959,dev_0015
acct_1960,dev_0301
acct_1960,dev_0567
acct_1961,dev_0163
acct_1961,dev_0397
acct_1961,dev_0621
acct_1961,dev_0470
acct_1962,dev_0571
acct_1962,dev_0568
acct_1962,dev_0532
acct_1962,dev_0650
acct_1963,dev_0629
acct_1963,dev_0074
acct_1963,dev_0372
acct_1963,dev_0031
acct_1964,dev_0583
acct_1965,dev_0135
acct_1966,dev_0389
acct_1966,dev_0015
acct_1967,dev_0142
acct_1967,dev_0074
acct_1967,dev_0472
acct_1968,dev_0471
acct_1969,dev_0394
acct_1969,dev_0616
acct_1969,dev_0189
acct_1970,dev_0287
acct_1970,dev_0094
acct_1971,dev_0617
acct_1971,dev_0488
acct_1972,dev_0738
acct_1972,dev_0748
acct_1972,dev_0375
acct_1973,dev_0381
acct_1973,dev_0497
acct_1973,dev_0046
acct_1974,dev_0129
acct_1974,dev_0375
acct_1975,dev_0224
acct_1975,dev_0721
acct_1975,dev_0350
acct_1975,dev_0419
acct_1976,dev_0285
acct_1976,dev_0481
acct_1977,dev_0738
acct_1977,dev_0286
acct_1977,dev_0005
acct_1978,dev_0164
acct_1978,dev_0705
acct_1979,dev_0074
acct_1979,dev_0398
acct_1979,dev_0555
acct_1979,dev_0790
acct_1980,dev_0575
acct_1980,dev_0656
acct_1980,dev_0714
acct_1981,dev_0001
acct_1981,dev_0625
acct_1981,dev_0182
acct_1982,dev_0765
acct_1983,dev_0054
acct_1983,dev_0583
acct_1983,dev_0139
acct_1983,dev_0204
acct_1984,dev_0440
acct_1985,dev_0516
acct_1986,dev_0581
acct_1986,dev_0534
acct_1987,dev_0352
acct_1987,dev_0134
acct_1987,dev_0609
acct_1987,dev_0263
acct_1988,dev_0639
acct_1989,dev_0551
acct_1989,dev_0084
acct_1989,dev_0218
acct_1990,dev_0046
acct_1990,dev_0157
acct_1990,dev_0360
acct_1991,dev_0218
acct_1991,dev_0745
acct_1991,dev_0368
acct_1992,dev_0430
acct_1992,dev_0542
acct_1993,dev_0558
acct_1993,dev_0445
acct_1993,dev_0039
acct_1994,dev_0306
acct_1994,dev_0554
acct_1994,dev_0515
acct_1995,dev_0325
acct_1995,dev_0233
acct_1996,dev_0342
acct_1996,dev_0054
acct_1996,dev_0456
acct_1997,dev_0360
acct_1997,dev_0081
acct_1997,dev_0372
acct_1998,dev_0608
acct_1999,dev_0784
acct_1999,dev_0332
acct_1999,dev_0109
